file_path,emotion,actor_id
..\data\Actor_01\03-01-01-01-01-01-01.wav,neutral,1
..\data\Actor_01\03-01-01-01-01-02-01.wav,neutral,1
..\data\Actor_01\03-01-01-01-02-01-01.wav,neutral,1
..\data\Actor_01\03-01-01-01-02-02-01.wav,neutral,1
..\data\Actor_01\03-01-02-01-01-01-01.wav,calm,1
..\data\Actor_01\03-01-02-01-01-02-01.wav,calm,1
..\data\Actor_01\03-01-02-01-02-01-01.wav,calm,1
..\data\Actor_01\03-01-02-01-02-02-01.wav,calm,1
..\data\Actor_01\03-01-02-02-01-01-01.wav,calm,1
..\data\Actor_01\03-01-02-02-01-02-01.wav,calm,1
..\data\Actor_01\03-01-02-02-02-01-01.wav,calm,1
..\data\Actor_01\03-01-02-02-02-02-01.wav,calm,1
..\data\Actor_01\03-01-03-01-01-01-01.wav,happy,1
..\data\Actor_01\03-01-03-01-01-02-01.wav,happy,1
..\data\Actor_01\03-01-03-01-02-01-01.wav,happy,1
..\data\Actor_01\03-01-03-01-02-02-01.wav,happy,1
..\data\Actor_01\03-01-03-02-01-01-01.wav,happy,1
..\data\Actor_01\03-01-03-02-01-02-01.wav,happy,1
..\data\Actor_01\03-01-03-02-02-01-01.wav,happy,1
..\data\Actor_01\03-01-03-02-02-02-01.wav,happy,1
..\data\Actor_01\03-01-04-01-01-01-01.wav,sad,1
..\data\Actor_01\03-01-04-01-01-02-01.wav,sad,1
..\data\Actor_01\03-01-04-01-02-01-01.wav,sad,1
..\data\Actor_01\03-01-04-01-02-02-01.wav,sad,1
..\data\Actor_01\03-01-04-02-01-01-01.wav,sad,1
..\data\Actor_01\03-01-04-02-01-02-01.wav,sad,1
..\data\Actor_01\03-01-04-02-02-01-01.wav,sad,1
..\data\Actor_01\03-01-04-02-02-02-01.wav,sad,1
..\data\Actor_01\03-01-05-01-01-01-01.wav,angry,1
..\data\Actor_01\03-01-05-01-01-02-01.wav,angry,1
..\data\Actor_01\03-01-05-01-02-01-01.wav,angry,1
..\data\Actor_01\03-01-05-01-02-02-01.wav,angry,1
..\data\Actor_01\03-01-05-02-01-01-01.wav,angry,1
..\data\Actor_01\03-01-05-02-01-02-01.wav,angry,1
..\data\Actor_01\03-01-05-02-02-01-01.wav,angry,1
..\data\Actor_01\03-01-05-02-02-02-01.wav,angry,1
..\data\Actor_01\03-01-06-01-01-01-01.wav,fearful,1
..\data\Actor_01\03-01-06-01-01-02-01.wav,fearful,1
..\data\Actor_01\03-01-06-01-02-01-01.wav,fearful,1
..\data\Actor_01\03-01-06-01-02-02-01.wav,fearful,1
..\data\Actor_01\03-01-06-02-01-01-01.wav,fearful,1
..\data\Actor_01\03-01-06-02-01-02-01.wav,fearful,1
..\data\Actor_01\03-01-06-02-02-01-01.wav,fearful,1
..\data\Actor_01\03-01-06-02-02-02-01.wav,fearful,1
..\data\Actor_01\03-01-07-01-01-01-01.wav,disgust,1
..\data\Actor_01\03-01-07-01-01-02-01.wav,disgust,1
..\data\Actor_01\03-01-07-01-02-01-01.wav,disgust,1
..\data\Actor_01\03-01-07-01-02-02-01.wav,disgust,1
..\data\Actor_01\03-01-07-02-01-01-01.wav,disgust,1
..\data\Actor_01\03-01-07-02-01-02-01.wav,disgust,1
..\data\Actor_01\03-01-07-02-02-01-01.wav,disgust,1
..\data\Actor_01\03-01-07-02-02-02-01.wav,disgust,1
..\data\Actor_01\03-01-08-01-01-01-01.wav,surprised,1
..\data\Actor_01\03-01-08-01-01-02-01.wav,surprised,1
..\data\Actor_01\03-01-08-01-02-01-01.wav,surprised,1
..\data\Actor_01\03-01-08-01-02-02-01.wav,surprised,1
..\data\Actor_01\03-01-08-02-01-01-01.wav,surprised,1
..\data\Actor_01\03-01-08-02-01-02-01.wav,surprised,1
..\data\Actor_01\03-01-08-02-02-01-01.wav,surprised,1
..\data\Actor_01\03-01-08-02-02-02-01.wav,surprised,1
..\data\Actor_02\03-01-01-01-01-01-02.wav,neutral,2
..\data\Actor_02\03-01-01-01-01-02-02.wav,neutral,2
..\data\Actor_02\03-01-01-01-02-01-02.wav,neutral,2
..\data\Actor_02\03-01-01-01-02-02-02.wav,neutral,2
..\data\Actor_02\03-01-02-01-01-01-02.wav,calm,2
..\data\Actor_02\03-01-02-01-01-02-02.wav,calm,2
..\data\Actor_02\03-01-02-01-02-01-02.wav,calm,2
..\data\Actor_02\03-01-02-01-02-02-02.wav,calm,2
..\data\Actor_02\03-01-02-02-01-01-02.wav,calm,2
..\data\Actor_02\03-01-02-02-01-02-02.wav,calm,2
..\data\Actor_02\03-01-02-02-02-01-02.wav,calm,2
..\data\Actor_02\03-01-02-02-02-02-02.wav,calm,2
..\data\Actor_02\03-01-03-01-01-01-02.wav,happy,2
..\data\Actor_02\03-01-03-01-01-02-02.wav,happy,2
..\data\Actor_02\03-01-03-01-02-01-02.wav,happy,2
..\data\Actor_02\03-01-03-01-02-02-02.wav,happy,2
..\data\Actor_02\03-01-03-02-01-01-02.wav,happy,2
..\data\Actor_02\03-01-03-02-01-02-02.wav,happy,2
..\data\Actor_02\03-01-03-02-02-01-02.wav,happy,2
..\data\Actor_02\03-01-03-02-02-02-02.wav,happy,2
..\data\Actor_02\03-01-04-01-01-01-02.wav,sad,2
..\data\Actor_02\03-01-04-01-01-02-02.wav,sad,2
..\data\Actor_02\03-01-04-01-02-01-02.wav,sad,2
..\data\Actor_02\03-01-04-01-02-02-02.wav,sad,2
..\data\Actor_02\03-01-04-02-01-01-02.wav,sad,2
..\data\Actor_02\03-01-04-02-01-02-02.wav,sad,2
..\data\Actor_02\03-01-04-02-02-01-02.wav,sad,2
..\data\Actor_02\03-01-04-02-02-02-02.wav,sad,2
..\data\Actor_02\03-01-05-01-01-01-02.wav,angry,2
..\data\Actor_02\03-01-05-01-01-02-02.wav,angry,2
..\data\Actor_02\03-01-05-01-02-01-02.wav,angry,2
..\data\Actor_02\03-01-05-01-02-02-02.wav,angry,2
..\data\Actor_02\03-01-05-02-01-01-02.wav,angry,2
..\data\Actor_02\03-01-05-02-01-02-02.wav,angry,2
..\data\Actor_02\03-01-05-02-02-01-02.wav,angry,2
..\data\Actor_02\03-01-05-02-02-02-02.wav,angry,2
..\data\Actor_02\03-01-06-01-01-01-02.wav,fearful,2
..\data\Actor_02\03-01-06-01-01-02-02.wav,fearful,2
..\data\Actor_02\03-01-06-01-02-01-02.wav,fearful,2
..\data\Actor_02\03-01-06-01-02-02-02.wav,fearful,2
..\data\Actor_02\03-01-06-02-01-01-02.wav,fearful,2
..\data\Actor_02\03-01-06-02-01-02-02.wav,fearful,2
..\data\Actor_02\03-01-06-02-02-01-02.wav,fearful,2
..\data\Actor_02\03-01-06-02-02-02-02.wav,fearful,2
..\data\Actor_02\03-01-07-01-01-01-02.wav,disgust,2
..\data\Actor_02\03-01-07-01-01-02-02.wav,disgust,2
..\data\Actor_02\03-01-07-01-02-01-02.wav,disgust,2
..\data\Actor_02\03-01-07-01-02-02-02.wav,disgust,2
..\data\Actor_02\03-01-07-02-01-01-02.wav,disgust,2
..\data\Actor_02\03-01-07-02-01-02-02.wav,disgust,2
..\data\Actor_02\03-01-07-02-02-01-02.wav,disgust,2
..\data\Actor_02\03-01-07-02-02-02-02.wav,disgust,2
..\data\Actor_02\03-01-08-01-01-01-02.wav,surprised,2
..\data\Actor_02\03-01-08-01-01-02-02.wav,surprised,2
..\data\Actor_02\03-01-08-01-02-01-02.wav,surprised,2
..\data\Actor_02\03-01-08-01-02-02-02.wav,surprised,2
..\data\Actor_02\03-01-08-02-01-01-02.wav,surprised,2
..\data\Actor_02\03-01-08-02-01-02-02.wav,surprised,2
..\data\Actor_02\03-01-08-02-02-01-02.wav,surprised,2
..\data\Actor_02\03-01-08-02-02-02-02.wav,surprised,2
..\data\Actor_03\03-01-01-01-01-01-03.wav,neutral,3
..\data\Actor_03\03-01-01-01-01-02-03.wav,neutral,3
..\data\Actor_03\03-01-01-01-02-01-03.wav,neutral,3
..\data\Actor_03\03-01-01-01-02-02-03.wav,neutral,3
..\data\Actor_03\03-01-02-01-01-01-03.wav,calm,3
..\data\Actor_03\03-01-02-01-01-02-03.wav,calm,3
..\data\Actor_03\03-01-02-01-02-01-03.wav,calm,3
..\data\Actor_03\03-01-02-01-02-02-03.wav,calm,3
..\data\Actor_03\03-01-02-02-01-01-03.wav,calm,3
..\data\Actor_03\03-01-02-02-01-02-03.wav,calm,3
..\data\Actor_03\03-01-02-02-02-01-03.wav,calm,3
..\data\Actor_03\03-01-02-02-02-02-03.wav,calm,3
..\data\Actor_03\03-01-03-01-01-01-03.wav,happy,3
..\data\Actor_03\03-01-03-01-01-02-03.wav,happy,3
..\data\Actor_03\03-01-03-01-02-01-03.wav,happy,3
..\data\Actor_03\03-01-03-01-02-02-03.wav,happy,3
..\data\Actor_03\03-01-03-02-01-01-03.wav,happy,3
..\data\Actor_03\03-01-03-02-01-02-03.wav,happy,3
..\data\Actor_03\03-01-03-02-02-01-03.wav,happy,3
..\data\Actor_03\03-01-03-02-02-02-03.wav,happy,3
..\data\Actor_03\03-01-04-01-01-01-03.wav,sad,3
..\data\Actor_03\03-01-04-01-01-02-03.wav,sad,3
..\data\Actor_03\03-01-04-01-02-01-03.wav,sad,3
..\data\Actor_03\03-01-04-01-02-02-03.wav,sad,3
..\data\Actor_03\03-01-04-02-01-01-03.wav,sad,3
..\data\Actor_03\03-01-04-02-01-02-03.wav,sad,3
..\data\Actor_03\03-01-04-02-02-01-03.wav,sad,3
..\data\Actor_03\03-01-04-02-02-02-03.wav,sad,3
..\data\Actor_03\03-01-05-01-01-01-03.wav,angry,3
..\data\Actor_03\03-01-05-01-01-02-03.wav,angry,3
..\data\Actor_03\03-01-05-01-02-01-03.wav,angry,3
..\data\Actor_03\03-01-05-01-02-02-03.wav,angry,3
..\data\Actor_03\03-01-05-02-01-01-03.wav,angry,3
..\data\Actor_03\03-01-05-02-01-02-03.wav,angry,3
..\data\Actor_03\03-01-05-02-02-01-03.wav,angry,3
..\data\Actor_03\03-01-05-02-02-02-03.wav,angry,3
..\data\Actor_03\03-01-06-01-01-01-03.wav,fearful,3
..\data\Actor_03\03-01-06-01-01-02-03.wav,fearful,3
..\data\Actor_03\03-01-06-01-02-01-03.wav,fearful,3
..\data\Actor_03\03-01-06-01-02-02-03.wav,fearful,3
..\data\Actor_03\03-01-06-02-01-01-03.wav,fearful,3
..\data\Actor_03\03-01-06-02-01-02-03.wav,fearful,3
..\data\Actor_03\03-01-06-02-02-01-03.wav,fearful,3
..\data\Actor_03\03-01-06-02-02-02-03.wav,fearful,3
..\data\Actor_03\03-01-07-01-01-01-03.wav,disgust,3
..\data\Actor_03\03-01-07-01-01-02-03.wav,disgust,3
..\data\Actor_03\03-01-07-01-02-01-03.wav,disgust,3
..\data\Actor_03\03-01-07-01-02-02-03.wav,disgust,3
..\data\Actor_03\03-01-07-02-01-01-03.wav,disgust,3
..\data\Actor_03\03-01-07-02-01-02-03.wav,disgust,3
..\data\Actor_03\03-01-07-02-02-01-03.wav,disgust,3
..\data\Actor_03\03-01-07-02-02-02-03.wav,disgust,3
..\data\Actor_03\03-01-08-01-01-01-03.wav,surprised,3
..\data\Actor_03\03-01-08-01-01-02-03.wav,surprised,3
..\data\Actor_03\03-01-08-01-02-01-03.wav,surprised,3
..\data\Actor_03\03-01-08-01-02-02-03.wav,surprised,3
..\data\Actor_03\03-01-08-02-01-01-03.wav,surprised,3
..\data\Actor_03\03-01-08-02-01-02-03.wav,surprised,3
..\data\Actor_03\03-01-08-02-02-01-03.wav,surprised,3
..\data\Actor_03\03-01-08-02-02-02-03.wav,surprised,3
..\data\Actor_04\03-01-01-01-01-01-04.wav,neutral,4
..\data\Actor_04\03-01-01-01-01-02-04.wav,neutral,4
..\data\Actor_04\03-01-01-01-02-01-04.wav,neutral,4
..\data\Actor_04\03-01-01-01-02-02-04.wav,neutral,4
..\data\Actor_04\03-01-02-01-01-01-04.wav,calm,4
..\data\Actor_04\03-01-02-01-01-02-04.wav,calm,4
..\data\Actor_04\03-01-02-01-02-01-04.wav,calm,4
..\data\Actor_04\03-01-02-01-02-02-04.wav,calm,4
..\data\Actor_04\03-01-02-02-01-01-04.wav,calm,4
..\data\Actor_04\03-01-02-02-01-02-04.wav,calm,4
..\data\Actor_04\03-01-02-02-02-01-04.wav,calm,4
..\data\Actor_04\03-01-02-02-02-02-04.wav,calm,4
..\data\Actor_04\03-01-03-01-01-01-04.wav,happy,4
..\data\Actor_04\03-01-03-01-01-02-04.wav,happy,4
..\data\Actor_04\03-01-03-01-02-01-04.wav,happy,4
..\data\Actor_04\03-01-03-01-02-02-04.wav,happy,4
..\data\Actor_04\03-01-03-02-01-01-04.wav,happy,4
..\data\Actor_04\03-01-03-02-01-02-04.wav,happy,4
..\data\Actor_04\03-01-03-02-02-01-04.wav,happy,4
..\data\Actor_04\03-01-03-02-02-02-04.wav,happy,4
..\data\Actor_04\03-01-04-01-01-01-04.wav,sad,4
..\data\Actor_04\03-01-04-01-01-02-04.wav,sad,4
..\data\Actor_04\03-01-04-01-02-01-04.wav,sad,4
..\data\Actor_04\03-01-04-01-02-02-04.wav,sad,4
..\data\Actor_04\03-01-04-02-01-01-04.wav,sad,4
..\data\Actor_04\03-01-04-02-01-02-04.wav,sad,4
..\data\Actor_04\03-01-04-02-02-01-04.wav,sad,4
..\data\Actor_04\03-01-04-02-02-02-04.wav,sad,4
..\data\Actor_04\03-01-05-01-01-01-04.wav,angry,4
..\data\Actor_04\03-01-05-01-01-02-04.wav,angry,4
..\data\Actor_04\03-01-05-01-02-01-04.wav,angry,4
..\data\Actor_04\03-01-05-01-02-02-04.wav,angry,4
..\data\Actor_04\03-01-05-02-01-01-04.wav,angry,4
..\data\Actor_04\03-01-05-02-01-02-04.wav,angry,4
..\data\Actor_04\03-01-05-02-02-01-04.wav,angry,4
..\data\Actor_04\03-01-05-02-02-02-04.wav,angry,4
..\data\Actor_04\03-01-06-01-01-01-04.wav,fearful,4
..\data\Actor_04\03-01-06-01-01-02-04.wav,fearful,4
..\data\Actor_04\03-01-06-01-02-01-04.wav,fearful,4
..\data\Actor_04\03-01-06-01-02-02-04.wav,fearful,4
..\data\Actor_04\03-01-06-02-01-01-04.wav,fearful,4
..\data\Actor_04\03-01-06-02-01-02-04.wav,fearful,4
..\data\Actor_04\03-01-06-02-02-01-04.wav,fearful,4
..\data\Actor_04\03-01-06-02-02-02-04.wav,fearful,4
..\data\Actor_04\03-01-07-01-01-01-04.wav,disgust,4
..\data\Actor_04\03-01-07-01-01-02-04.wav,disgust,4
..\data\Actor_04\03-01-07-01-02-01-04.wav,disgust,4
..\data\Actor_04\03-01-07-01-02-02-04.wav,disgust,4
..\data\Actor_04\03-01-07-02-01-01-04.wav,disgust,4
..\data\Actor_04\03-01-07-02-01-02-04.wav,disgust,4
..\data\Actor_04\03-01-07-02-02-01-04.wav,disgust,4
..\data\Actor_04\03-01-07-02-02-02-04.wav,disgust,4
..\data\Actor_04\03-01-08-01-01-01-04.wav,surprised,4
..\data\Actor_04\03-01-08-01-01-02-04.wav,surprised,4
..\data\Actor_04\03-01-08-01-02-01-04.wav,surprised,4
..\data\Actor_04\03-01-08-01-02-02-04.wav,surprised,4
..\data\Actor_04\03-01-08-02-01-01-04.wav,surprised,4
..\data\Actor_04\03-01-08-02-01-02-04.wav,surprised,4
..\data\Actor_04\03-01-08-02-02-01-04.wav,surprised,4
..\data\Actor_04\03-01-08-02-02-02-04.wav,surprised,4
..\data\Actor_05\03-01-01-01-01-01-05.wav,neutral,5
..\data\Actor_05\03-01-01-01-01-02-05.wav,neutral,5
..\data\Actor_05\03-01-01-01-02-01-05.wav,neutral,5
..\data\Actor_05\03-01-01-01-02-02-05.wav,neutral,5
..\data\Actor_05\03-01-02-01-01-01-05.wav,calm,5
..\data\Actor_05\03-01-02-01-01-02-05.wav,calm,5
..\data\Actor_05\03-01-02-01-02-01-05.wav,calm,5
..\data\Actor_05\03-01-02-01-02-02-05.wav,calm,5
..\data\Actor_05\03-01-02-02-01-01-05.wav,calm,5
..\data\Actor_05\03-01-02-02-01-02-05.wav,calm,5
..\data\Actor_05\03-01-02-02-02-01-05.wav,calm,5
..\data\Actor_05\03-01-02-02-02-02-05.wav,calm,5
..\data\Actor_05\03-01-03-01-01-01-05.wav,happy,5
..\data\Actor_05\03-01-03-01-01-02-05.wav,happy,5
..\data\Actor_05\03-01-03-01-02-01-05.wav,happy,5
..\data\Actor_05\03-01-03-01-02-02-05.wav,happy,5
..\data\Actor_05\03-01-03-02-01-01-05.wav,happy,5
..\data\Actor_05\03-01-03-02-01-02-05.wav,happy,5
..\data\Actor_05\03-01-03-02-02-01-05.wav,happy,5
..\data\Actor_05\03-01-03-02-02-02-05.wav,happy,5
..\data\Actor_05\03-01-04-01-01-01-05.wav,sad,5
..\data\Actor_05\03-01-04-01-01-02-05.wav,sad,5
..\data\Actor_05\03-01-04-01-02-01-05.wav,sad,5
..\data\Actor_05\03-01-04-01-02-02-05.wav,sad,5
..\data\Actor_05\03-01-04-02-01-01-05.wav,sad,5
..\data\Actor_05\03-01-04-02-01-02-05.wav,sad,5
..\data\Actor_05\03-01-04-02-02-01-05.wav,sad,5
..\data\Actor_05\03-01-04-02-02-02-05.wav,sad,5
..\data\Actor_05\03-01-05-01-01-01-05.wav,angry,5
..\data\Actor_05\03-01-05-01-01-02-05.wav,angry,5
..\data\Actor_05\03-01-05-01-02-01-05.wav,angry,5
..\data\Actor_05\03-01-05-01-02-02-05.wav,angry,5
..\data\Actor_05\03-01-05-02-01-01-05.wav,angry,5
..\data\Actor_05\03-01-05-02-01-02-05.wav,angry,5
..\data\Actor_05\03-01-05-02-02-01-05.wav,angry,5
..\data\Actor_05\03-01-05-02-02-02-05.wav,angry,5
..\data\Actor_05\03-01-06-01-01-01-05.wav,fearful,5
..\data\Actor_05\03-01-06-01-01-02-05.wav,fearful,5
..\data\Actor_05\03-01-06-01-02-01-05.wav,fearful,5
..\data\Actor_05\03-01-06-01-02-02-05.wav,fearful,5
..\data\Actor_05\03-01-06-02-01-01-05.wav,fearful,5
..\data\Actor_05\03-01-06-02-01-02-05.wav,fearful,5
..\data\Actor_05\03-01-06-02-02-01-05.wav,fearful,5
..\data\Actor_05\03-01-06-02-02-02-05.wav,fearful,5
..\data\Actor_05\03-01-07-01-01-01-05.wav,disgust,5
..\data\Actor_05\03-01-07-01-01-02-05.wav,disgust,5
..\data\Actor_05\03-01-07-01-02-01-05.wav,disgust,5
..\data\Actor_05\03-01-07-01-02-02-05.wav,disgust,5
..\data\Actor_05\03-01-07-02-01-01-05.wav,disgust,5
..\data\Actor_05\03-01-07-02-01-02-05.wav,disgust,5
..\data\Actor_05\03-01-07-02-02-01-05.wav,disgust,5
..\data\Actor_05\03-01-07-02-02-02-05.wav,disgust,5
..\data\Actor_05\03-01-08-01-01-01-05.wav,surprised,5
..\data\Actor_05\03-01-08-01-01-02-05.wav,surprised,5
..\data\Actor_05\03-01-08-01-02-01-05.wav,surprised,5
..\data\Actor_05\03-01-08-01-02-02-05.wav,surprised,5
..\data\Actor_05\03-01-08-02-01-01-05.wav,surprised,5
..\data\Actor_05\03-01-08-02-01-02-05.wav,surprised,5
..\data\Actor_05\03-01-08-02-02-01-05.wav,surprised,5
..\data\Actor_05\03-01-08-02-02-02-05.wav,surprised,5
..\data\Actor_06\03-01-01-01-01-01-06.wav,neutral,6
..\data\Actor_06\03-01-01-01-01-02-06.wav,neutral,6
..\data\Actor_06\03-01-01-01-02-01-06.wav,neutral,6
..\data\Actor_06\03-01-01-01-02-02-06.wav,neutral,6
..\data\Actor_06\03-01-02-01-01-01-06.wav,calm,6
..\data\Actor_06\03-01-02-01-01-02-06.wav,calm,6
..\data\Actor_06\03-01-02-01-02-01-06.wav,calm,6
..\data\Actor_06\03-01-02-01-02-02-06.wav,calm,6
..\data\Actor_06\03-01-02-02-01-01-06.wav,calm,6
..\data\Actor_06\03-01-02-02-01-02-06.wav,calm,6
..\data\Actor_06\03-01-02-02-02-01-06.wav,calm,6
..\data\Actor_06\03-01-02-02-02-02-06.wav,calm,6
..\data\Actor_06\03-01-03-01-01-01-06.wav,happy,6
..\data\Actor_06\03-01-03-01-01-02-06.wav,happy,6
..\data\Actor_06\03-01-03-01-02-01-06.wav,happy,6
..\data\Actor_06\03-01-03-01-02-02-06.wav,happy,6
..\data\Actor_06\03-01-03-02-01-01-06.wav,happy,6
..\data\Actor_06\03-01-03-02-01-02-06.wav,happy,6
..\data\Actor_06\03-01-03-02-02-01-06.wav,happy,6
..\data\Actor_06\03-01-03-02-02-02-06.wav,happy,6
..\data\Actor_06\03-01-04-01-01-01-06.wav,sad,6
..\data\Actor_06\03-01-04-01-01-02-06.wav,sad,6
..\data\Actor_06\03-01-04-01-02-01-06.wav,sad,6
..\data\Actor_06\03-01-04-01-02-02-06.wav,sad,6
..\data\Actor_06\03-01-04-02-01-01-06.wav,sad,6
..\data\Actor_06\03-01-04-02-01-02-06.wav,sad,6
..\data\Actor_06\03-01-04-02-02-01-06.wav,sad,6
..\data\Actor_06\03-01-04-02-02-02-06.wav,sad,6
..\data\Actor_06\03-01-05-01-01-01-06.wav,angry,6
..\data\Actor_06\03-01-05-01-01-02-06.wav,angry,6
..\data\Actor_06\03-01-05-01-02-01-06.wav,angry,6
..\data\Actor_06\03-01-05-01-02-02-06.wav,angry,6
..\data\Actor_06\03-01-05-02-01-01-06.wav,angry,6
..\data\Actor_06\03-01-05-02-01-02-06.wav,angry,6
..\data\Actor_06\03-01-05-02-02-01-06.wav,angry,6
..\data\Actor_06\03-01-05-02-02-02-06.wav,angry,6
..\data\Actor_06\03-01-06-01-01-01-06.wav,fearful,6
..\data\Actor_06\03-01-06-01-01-02-06.wav,fearful,6
..\data\Actor_06\03-01-06-01-02-01-06.wav,fearful,6
..\data\Actor_06\03-01-06-01-02-02-06.wav,fearful,6
..\data\Actor_06\03-01-06-02-01-01-06.wav,fearful,6
..\data\Actor_06\03-01-06-02-01-02-06.wav,fearful,6
..\data\Actor_06\03-01-06-02-02-01-06.wav,fearful,6
..\data\Actor_06\03-01-06-02-02-02-06.wav,fearful,6
..\data\Actor_06\03-01-07-01-01-01-06.wav,disgust,6
..\data\Actor_06\03-01-07-01-01-02-06.wav,disgust,6
..\data\Actor_06\03-01-07-01-02-01-06.wav,disgust,6
..\data\Actor_06\03-01-07-01-02-02-06.wav,disgust,6
..\data\Actor_06\03-01-07-02-01-01-06.wav,disgust,6
..\data\Actor_06\03-01-07-02-01-02-06.wav,disgust,6
..\data\Actor_06\03-01-07-02-02-01-06.wav,disgust,6
..\data\Actor_06\03-01-07-02-02-02-06.wav,disgust,6
..\data\Actor_06\03-01-08-01-01-01-06.wav,surprised,6
..\data\Actor_06\03-01-08-01-01-02-06.wav,surprised,6
..\data\Actor_06\03-01-08-01-02-01-06.wav,surprised,6
..\data\Actor_06\03-01-08-01-02-02-06.wav,surprised,6
..\data\Actor_06\03-01-08-02-01-01-06.wav,surprised,6
..\data\Actor_06\03-01-08-02-01-02-06.wav,surprised,6
..\data\Actor_06\03-01-08-02-02-01-06.wav,surprised,6
..\data\Actor_06\03-01-08-02-02-02-06.wav,surprised,6
..\data\Actor_07\03-01-01-01-01-01-07.wav,neutral,7
..\data\Actor_07\03-01-01-01-01-02-07.wav,neutral,7
..\data\Actor_07\03-01-01-01-02-01-07.wav,neutral,7
..\data\Actor_07\03-01-01-01-02-02-07.wav,neutral,7
..\data\Actor_07\03-01-02-01-01-01-07.wav,calm,7
..\data\Actor_07\03-01-02-01-01-02-07.wav,calm,7
..\data\Actor_07\03-01-02-01-02-01-07.wav,calm,7
..\data\Actor_07\03-01-02-01-02-02-07.wav,calm,7
..\data\Actor_07\03-01-02-02-01-01-07.wav,calm,7
..\data\Actor_07\03-01-02-02-01-02-07.wav,calm,7
..\data\Actor_07\03-01-02-02-02-01-07.wav,calm,7
..\data\Actor_07\03-01-02-02-02-02-07.wav,calm,7
..\data\Actor_07\03-01-03-01-01-01-07.wav,happy,7
..\data\Actor_07\03-01-03-01-01-02-07.wav,happy,7
..\data\Actor_07\03-01-03-01-02-01-07.wav,happy,7
..\data\Actor_07\03-01-03-01-02-02-07.wav,happy,7
..\data\Actor_07\03-01-03-02-01-01-07.wav,happy,7
..\data\Actor_07\03-01-03-02-01-02-07.wav,happy,7
..\data\Actor_07\03-01-03-02-02-01-07.wav,happy,7
..\data\Actor_07\03-01-03-02-02-02-07.wav,happy,7
..\data\Actor_07\03-01-04-01-01-01-07.wav,sad,7
..\data\Actor_07\03-01-04-01-01-02-07.wav,sad,7
..\data\Actor_07\03-01-04-01-02-01-07.wav,sad,7
..\data\Actor_07\03-01-04-01-02-02-07.wav,sad,7
..\data\Actor_07\03-01-04-02-01-01-07.wav,sad,7
..\data\Actor_07\03-01-04-02-01-02-07.wav,sad,7
..\data\Actor_07\03-01-04-02-02-01-07.wav,sad,7
..\data\Actor_07\03-01-04-02-02-02-07.wav,sad,7
..\data\Actor_07\03-01-05-01-01-01-07.wav,angry,7
..\data\Actor_07\03-01-05-01-01-02-07.wav,angry,7
..\data\Actor_07\03-01-05-01-02-01-07.wav,angry,7
..\data\Actor_07\03-01-05-01-02-02-07.wav,angry,7
..\data\Actor_07\03-01-05-02-01-01-07.wav,angry,7
..\data\Actor_07\03-01-05-02-01-02-07.wav,angry,7
..\data\Actor_07\03-01-05-02-02-01-07.wav,angry,7
..\data\Actor_07\03-01-05-02-02-02-07.wav,angry,7
..\data\Actor_07\03-01-06-01-01-01-07.wav,fearful,7
..\data\Actor_07\03-01-06-01-01-02-07.wav,fearful,7
..\data\Actor_07\03-01-06-01-02-01-07.wav,fearful,7
..\data\Actor_07\03-01-06-01-02-02-07.wav,fearful,7
..\data\Actor_07\03-01-06-02-01-01-07.wav,fearful,7
..\data\Actor_07\03-01-06-02-01-02-07.wav,fearful,7
..\data\Actor_07\03-01-06-02-02-01-07.wav,fearful,7
..\data\Actor_07\03-01-06-02-02-02-07.wav,fearful,7
..\data\Actor_07\03-01-07-01-01-01-07.wav,disgust,7
..\data\Actor_07\03-01-07-01-01-02-07.wav,disgust,7
..\data\Actor_07\03-01-07-01-02-01-07.wav,disgust,7
..\data\Actor_07\03-01-07-01-02-02-07.wav,disgust,7
..\data\Actor_07\03-01-07-02-01-01-07.wav,disgust,7
..\data\Actor_07\03-01-07-02-01-02-07.wav,disgust,7
..\data\Actor_07\03-01-07-02-02-01-07.wav,disgust,7
..\data\Actor_07\03-01-07-02-02-02-07.wav,disgust,7
..\data\Actor_07\03-01-08-01-01-01-07.wav,surprised,7
..\data\Actor_07\03-01-08-01-01-02-07.wav,surprised,7
..\data\Actor_07\03-01-08-01-02-01-07.wav,surprised,7
..\data\Actor_07\03-01-08-01-02-02-07.wav,surprised,7
..\data\Actor_07\03-01-08-02-01-01-07.wav,surprised,7
..\data\Actor_07\03-01-08-02-01-02-07.wav,surprised,7
..\data\Actor_07\03-01-08-02-02-01-07.wav,surprised,7
..\data\Actor_07\03-01-08-02-02-02-07.wav,surprised,7
..\data\Actor_08\03-01-01-01-01-01-08.wav,neutral,8
..\data\Actor_08\03-01-01-01-01-02-08.wav,neutral,8
..\data\Actor_08\03-01-01-01-02-01-08.wav,neutral,8
..\data\Actor_08\03-01-01-01-02-02-08.wav,neutral,8
..\data\Actor_08\03-01-02-01-01-01-08.wav,calm,8
..\data\Actor_08\03-01-02-01-01-02-08.wav,calm,8
..\data\Actor_08\03-01-02-01-02-01-08.wav,calm,8
..\data\Actor_08\03-01-02-01-02-02-08.wav,calm,8
..\data\Actor_08\03-01-02-02-01-01-08.wav,calm,8
..\data\Actor_08\03-01-02-02-01-02-08.wav,calm,8
..\data\Actor_08\03-01-02-02-02-01-08.wav,calm,8
..\data\Actor_08\03-01-02-02-02-02-08.wav,calm,8
..\data\Actor_08\03-01-03-01-01-01-08.wav,happy,8
..\data\Actor_08\03-01-03-01-01-02-08.wav,happy,8
..\data\Actor_08\03-01-03-01-02-01-08.wav,happy,8
..\data\Actor_08\03-01-03-01-02-02-08.wav,happy,8
..\data\Actor_08\03-01-03-02-01-01-08.wav,happy,8
..\data\Actor_08\03-01-03-02-01-02-08.wav,happy,8
..\data\Actor_08\03-01-03-02-02-01-08.wav,happy,8
..\data\Actor_08\03-01-03-02-02-02-08.wav,happy,8
..\data\Actor_08\03-01-04-01-01-01-08.wav,sad,8
..\data\Actor_08\03-01-04-01-01-02-08.wav,sad,8
..\data\Actor_08\03-01-04-01-02-01-08.wav,sad,8
..\data\Actor_08\03-01-04-01-02-02-08.wav,sad,8
..\data\Actor_08\03-01-04-02-01-01-08.wav,sad,8
..\data\Actor_08\03-01-04-02-01-02-08.wav,sad,8
..\data\Actor_08\03-01-04-02-02-01-08.wav,sad,8
..\data\Actor_08\03-01-04-02-02-02-08.wav,sad,8
..\data\Actor_08\03-01-05-01-01-01-08.wav,angry,8
..\data\Actor_08\03-01-05-01-01-02-08.wav,angry,8
..\data\Actor_08\03-01-05-01-02-01-08.wav,angry,8
..\data\Actor_08\03-01-05-01-02-02-08.wav,angry,8
..\data\Actor_08\03-01-05-02-01-01-08.wav,angry,8
..\data\Actor_08\03-01-05-02-01-02-08.wav,angry,8
..\data\Actor_08\03-01-05-02-02-01-08.wav,angry,8
..\data\Actor_08\03-01-05-02-02-02-08.wav,angry,8
..\data\Actor_08\03-01-06-01-01-01-08.wav,fearful,8
..\data\Actor_08\03-01-06-01-01-02-08.wav,fearful,8
..\data\Actor_08\03-01-06-01-02-01-08.wav,fearful,8
..\data\Actor_08\03-01-06-01-02-02-08.wav,fearful,8
..\data\Actor_08\03-01-06-02-01-01-08.wav,fearful,8
..\data\Actor_08\03-01-06-02-01-02-08.wav,fearful,8
..\data\Actor_08\03-01-06-02-02-01-08.wav,fearful,8
..\data\Actor_08\03-01-06-02-02-02-08.wav,fearful,8
..\data\Actor_08\03-01-07-01-01-01-08.wav,disgust,8
..\data\Actor_08\03-01-07-01-01-02-08.wav,disgust,8
..\data\Actor_08\03-01-07-01-02-01-08.wav,disgust,8
..\data\Actor_08\03-01-07-01-02-02-08.wav,disgust,8
..\data\Actor_08\03-01-07-02-01-01-08.wav,disgust,8
..\data\Actor_08\03-01-07-02-01-02-08.wav,disgust,8
..\data\Actor_08\03-01-07-02-02-01-08.wav,disgust,8
..\data\Actor_08\03-01-07-02-02-02-08.wav,disgust,8
..\data\Actor_08\03-01-08-01-01-01-08.wav,surprised,8
..\data\Actor_08\03-01-08-01-01-02-08.wav,surprised,8
..\data\Actor_08\03-01-08-01-02-01-08.wav,surprised,8
..\data\Actor_08\03-01-08-01-02-02-08.wav,surprised,8
..\data\Actor_08\03-01-08-02-01-01-08.wav,surprised,8
..\data\Actor_08\03-01-08-02-01-02-08.wav,surprised,8
..\data\Actor_08\03-01-08-02-02-01-08.wav,surprised,8
..\data\Actor_08\03-01-08-02-02-02-08.wav,surprised,8
..\data\Actor_09\03-01-01-01-01-01-09.wav,neutral,9
..\data\Actor_09\03-01-01-01-01-02-09.wav,neutral,9
..\data\Actor_09\03-01-01-01-02-01-09.wav,neutral,9
..\data\Actor_09\03-01-01-01-02-02-09.wav,neutral,9
..\data\Actor_09\03-01-02-01-01-01-09.wav,calm,9
..\data\Actor_09\03-01-02-01-01-02-09.wav,calm,9
..\data\Actor_09\03-01-02-01-02-01-09.wav,calm,9
..\data\Actor_09\03-01-02-01-02-02-09.wav,calm,9
..\data\Actor_09\03-01-02-02-01-01-09.wav,calm,9
..\data\Actor_09\03-01-02-02-01-02-09.wav,calm,9
..\data\Actor_09\03-01-02-02-02-01-09.wav,calm,9
..\data\Actor_09\03-01-02-02-02-02-09.wav,calm,9
..\data\Actor_09\03-01-03-01-01-01-09.wav,happy,9
..\data\Actor_09\03-01-03-01-01-02-09.wav,happy,9
..\data\Actor_09\03-01-03-01-02-01-09.wav,happy,9
..\data\Actor_09\03-01-03-01-02-02-09.wav,happy,9
..\data\Actor_09\03-01-03-02-01-01-09.wav,happy,9
..\data\Actor_09\03-01-03-02-01-02-09.wav,happy,9
..\data\Actor_09\03-01-03-02-02-01-09.wav,happy,9
..\data\Actor_09\03-01-03-02-02-02-09.wav,happy,9
..\data\Actor_09\03-01-04-01-01-01-09.wav,sad,9
..\data\Actor_09\03-01-04-01-01-02-09.wav,sad,9
..\data\Actor_09\03-01-04-01-02-01-09.wav,sad,9
..\data\Actor_09\03-01-04-01-02-02-09.wav,sad,9
..\data\Actor_09\03-01-04-02-01-01-09.wav,sad,9
..\data\Actor_09\03-01-04-02-01-02-09.wav,sad,9
..\data\Actor_09\03-01-04-02-02-01-09.wav,sad,9
..\data\Actor_09\03-01-04-02-02-02-09.wav,sad,9
..\data\Actor_09\03-01-05-01-01-01-09.wav,angry,9
..\data\Actor_09\03-01-05-01-01-02-09.wav,angry,9
..\data\Actor_09\03-01-05-01-02-01-09.wav,angry,9
..\data\Actor_09\03-01-05-01-02-02-09.wav,angry,9
..\data\Actor_09\03-01-05-02-01-01-09.wav,angry,9
..\data\Actor_09\03-01-05-02-01-02-09.wav,angry,9
..\data\Actor_09\03-01-05-02-02-01-09.wav,angry,9
..\data\Actor_09\03-01-05-02-02-02-09.wav,angry,9
..\data\Actor_09\03-01-06-01-01-01-09.wav,fearful,9
..\data\Actor_09\03-01-06-01-01-02-09.wav,fearful,9
..\data\Actor_09\03-01-06-01-02-01-09.wav,fearful,9
..\data\Actor_09\03-01-06-01-02-02-09.wav,fearful,9
..\data\Actor_09\03-01-06-02-01-01-09.wav,fearful,9
..\data\Actor_09\03-01-06-02-01-02-09.wav,fearful,9
..\data\Actor_09\03-01-06-02-02-01-09.wav,fearful,9
..\data\Actor_09\03-01-06-02-02-02-09.wav,fearful,9
..\data\Actor_09\03-01-07-01-01-01-09.wav,disgust,9
..\data\Actor_09\03-01-07-01-01-02-09.wav,disgust,9
..\data\Actor_09\03-01-07-01-02-01-09.wav,disgust,9
..\data\Actor_09\03-01-07-01-02-02-09.wav,disgust,9
..\data\Actor_09\03-01-07-02-01-01-09.wav,disgust,9
..\data\Actor_09\03-01-07-02-01-02-09.wav,disgust,9
..\data\Actor_09\03-01-07-02-02-01-09.wav,disgust,9
..\data\Actor_09\03-01-07-02-02-02-09.wav,disgust,9
..\data\Actor_09\03-01-08-01-01-01-09.wav,surprised,9
..\data\Actor_09\03-01-08-01-01-02-09.wav,surprised,9
..\data\Actor_09\03-01-08-01-02-01-09.wav,surprised,9
..\data\Actor_09\03-01-08-01-02-02-09.wav,surprised,9
..\data\Actor_09\03-01-08-02-01-01-09.wav,surprised,9
..\data\Actor_09\03-01-08-02-01-02-09.wav,surprised,9
..\data\Actor_09\03-01-08-02-02-01-09.wav,surprised,9
..\data\Actor_09\03-01-08-02-02-02-09.wav,surprised,9
..\data\Actor_10\03-01-01-01-01-01-10.wav,neutral,10
..\data\Actor_10\03-01-01-01-01-02-10.wav,neutral,10
..\data\Actor_10\03-01-01-01-02-01-10.wav,neutral,10
..\data\Actor_10\03-01-01-01-02-02-10.wav,neutral,10
..\data\Actor_10\03-01-02-01-01-01-10.wav,calm,10
..\data\Actor_10\03-01-02-01-01-02-10.wav,calm,10
..\data\Actor_10\03-01-02-01-02-01-10.wav,calm,10
..\data\Actor_10\03-01-02-01-02-02-10.wav,calm,10
..\data\Actor_10\03-01-02-02-01-01-10.wav,calm,10
..\data\Actor_10\03-01-02-02-01-02-10.wav,calm,10
..\data\Actor_10\03-01-02-02-02-01-10.wav,calm,10
..\data\Actor_10\03-01-02-02-02-02-10.wav,calm,10
..\data\Actor_10\03-01-03-01-01-01-10.wav,happy,10
..\data\Actor_10\03-01-03-01-01-02-10.wav,happy,10
..\data\Actor_10\03-01-03-01-02-01-10.wav,happy,10
..\data\Actor_10\03-01-03-01-02-02-10.wav,happy,10
..\data\Actor_10\03-01-03-02-01-01-10.wav,happy,10
..\data\Actor_10\03-01-03-02-01-02-10.wav,happy,10
..\data\Actor_10\03-01-03-02-02-01-10.wav,happy,10
..\data\Actor_10\03-01-03-02-02-02-10.wav,happy,10
..\data\Actor_10\03-01-04-01-01-01-10.wav,sad,10
..\data\Actor_10\03-01-04-01-01-02-10.wav,sad,10
..\data\Actor_10\03-01-04-01-02-01-10.wav,sad,10
..\data\Actor_10\03-01-04-01-02-02-10.wav,sad,10
..\data\Actor_10\03-01-04-02-01-01-10.wav,sad,10
..\data\Actor_10\03-01-04-02-01-02-10.wav,sad,10
..\data\Actor_10\03-01-04-02-02-01-10.wav,sad,10
..\data\Actor_10\03-01-04-02-02-02-10.wav,sad,10
..\data\Actor_10\03-01-05-01-01-01-10.wav,angry,10
..\data\Actor_10\03-01-05-01-01-02-10.wav,angry,10
..\data\Actor_10\03-01-05-01-02-01-10.wav,angry,10
..\data\Actor_10\03-01-05-01-02-02-10.wav,angry,10
..\data\Actor_10\03-01-05-02-01-01-10.wav,angry,10
..\data\Actor_10\03-01-05-02-01-02-10.wav,angry,10
..\data\Actor_10\03-01-05-02-02-01-10.wav,angry,10
..\data\Actor_10\03-01-05-02-02-02-10.wav,angry,10
..\data\Actor_10\03-01-06-01-01-01-10.wav,fearful,10
..\data\Actor_10\03-01-06-01-01-02-10.wav,fearful,10
..\data\Actor_10\03-01-06-01-02-01-10.wav,fearful,10
..\data\Actor_10\03-01-06-01-02-02-10.wav,fearful,10
..\data\Actor_10\03-01-06-02-01-01-10.wav,fearful,10
..\data\Actor_10\03-01-06-02-01-02-10.wav,fearful,10
..\data\Actor_10\03-01-06-02-02-01-10.wav,fearful,10
..\data\Actor_10\03-01-06-02-02-02-10.wav,fearful,10
..\data\Actor_10\03-01-07-01-01-01-10.wav,disgust,10
..\data\Actor_10\03-01-07-01-01-02-10.wav,disgust,10
..\data\Actor_10\03-01-07-01-02-01-10.wav,disgust,10
..\data\Actor_10\03-01-07-01-02-02-10.wav,disgust,10
..\data\Actor_10\03-01-07-02-01-01-10.wav,disgust,10
..\data\Actor_10\03-01-07-02-01-02-10.wav,disgust,10
..\data\Actor_10\03-01-07-02-02-01-10.wav,disgust,10
..\data\Actor_10\03-01-07-02-02-02-10.wav,disgust,10
..\data\Actor_10\03-01-08-01-01-01-10.wav,surprised,10
..\data\Actor_10\03-01-08-01-01-02-10.wav,surprised,10
..\data\Actor_10\03-01-08-01-02-01-10.wav,surprised,10
..\data\Actor_10\03-01-08-01-02-02-10.wav,surprised,10
..\data\Actor_10\03-01-08-02-01-01-10.wav,surprised,10
..\data\Actor_10\03-01-08-02-01-02-10.wav,surprised,10
..\data\Actor_10\03-01-08-02-02-01-10.wav,surprised,10
..\data\Actor_10\03-01-08-02-02-02-10.wav,surprised,10
..\data\Actor_11\03-01-01-01-01-01-11.wav,neutral,11
..\data\Actor_11\03-01-01-01-01-02-11.wav,neutral,11
..\data\Actor_11\03-01-01-01-02-01-11.wav,neutral,11
..\data\Actor_11\03-01-01-01-02-02-11.wav,neutral,11
..\data\Actor_11\03-01-02-01-01-01-11.wav,calm,11
..\data\Actor_11\03-01-02-01-01-02-11.wav,calm,11
..\data\Actor_11\03-01-02-01-02-01-11.wav,calm,11
..\data\Actor_11\03-01-02-01-02-02-11.wav,calm,11
..\data\Actor_11\03-01-02-02-01-01-11.wav,calm,11
..\data\Actor_11\03-01-02-02-01-02-11.wav,calm,11
..\data\Actor_11\03-01-02-02-02-01-11.wav,calm,11
..\data\Actor_11\03-01-02-02-02-02-11.wav,calm,11
..\data\Actor_11\03-01-03-01-01-01-11.wav,happy,11
..\data\Actor_11\03-01-03-01-01-02-11.wav,happy,11
..\data\Actor_11\03-01-03-01-02-01-11.wav,happy,11
..\data\Actor_11\03-01-03-01-02-02-11.wav,happy,11
..\data\Actor_11\03-01-03-02-01-01-11.wav,happy,11
..\data\Actor_11\03-01-03-02-01-02-11.wav,happy,11
..\data\Actor_11\03-01-03-02-02-01-11.wav,happy,11
..\data\Actor_11\03-01-03-02-02-02-11.wav,happy,11
..\data\Actor_11\03-01-04-01-01-01-11.wav,sad,11
..\data\Actor_11\03-01-04-01-01-02-11.wav,sad,11
..\data\Actor_11\03-01-04-01-02-01-11.wav,sad,11
..\data\Actor_11\03-01-04-01-02-02-11.wav,sad,11
..\data\Actor_11\03-01-04-02-01-01-11.wav,sad,11
..\data\Actor_11\03-01-04-02-01-02-11.wav,sad,11
..\data\Actor_11\03-01-04-02-02-01-11.wav,sad,11
..\data\Actor_11\03-01-04-02-02-02-11.wav,sad,11
..\data\Actor_11\03-01-05-01-01-01-11.wav,angry,11
..\data\Actor_11\03-01-05-01-01-02-11.wav,angry,11
..\data\Actor_11\03-01-05-01-02-01-11.wav,angry,11
..\data\Actor_11\03-01-05-01-02-02-11.wav,angry,11
..\data\Actor_11\03-01-05-02-01-01-11.wav,angry,11
..\data\Actor_11\03-01-05-02-01-02-11.wav,angry,11
..\data\Actor_11\03-01-05-02-02-01-11.wav,angry,11
..\data\Actor_11\03-01-05-02-02-02-11.wav,angry,11
..\data\Actor_11\03-01-06-01-01-01-11.wav,fearful,11
..\data\Actor_11\03-01-06-01-01-02-11.wav,fearful,11
..\data\Actor_11\03-01-06-01-02-01-11.wav,fearful,11
..\data\Actor_11\03-01-06-01-02-02-11.wav,fearful,11
..\data\Actor_11\03-01-06-02-01-01-11.wav,fearful,11
..\data\Actor_11\03-01-06-02-01-02-11.wav,fearful,11
..\data\Actor_11\03-01-06-02-02-01-11.wav,fearful,11
..\data\Actor_11\03-01-06-02-02-02-11.wav,fearful,11
..\data\Actor_11\03-01-07-01-01-01-11.wav,disgust,11
..\data\Actor_11\03-01-07-01-01-02-11.wav,disgust,11
..\data\Actor_11\03-01-07-01-02-01-11.wav,disgust,11
..\data\Actor_11\03-01-07-01-02-02-11.wav,disgust,11
..\data\Actor_11\03-01-07-02-01-01-11.wav,disgust,11
..\data\Actor_11\03-01-07-02-01-02-11.wav,disgust,11
..\data\Actor_11\03-01-07-02-02-01-11.wav,disgust,11
..\data\Actor_11\03-01-07-02-02-02-11.wav,disgust,11
..\data\Actor_11\03-01-08-01-01-01-11.wav,surprised,11
..\data\Actor_11\03-01-08-01-01-02-11.wav,surprised,11
..\data\Actor_11\03-01-08-01-02-01-11.wav,surprised,11
..\data\Actor_11\03-01-08-01-02-02-11.wav,surprised,11
..\data\Actor_11\03-01-08-02-01-01-11.wav,surprised,11
..\data\Actor_11\03-01-08-02-01-02-11.wav,surprised,11
..\data\Actor_11\03-01-08-02-02-01-11.wav,surprised,11
..\data\Actor_11\03-01-08-02-02-02-11.wav,surprised,11
..\data\Actor_12\03-01-01-01-01-01-12.wav,neutral,12
..\data\Actor_12\03-01-01-01-01-02-12.wav,neutral,12
..\data\Actor_12\03-01-01-01-02-01-12.wav,neutral,12
..\data\Actor_12\03-01-01-01-02-02-12.wav,neutral,12
..\data\Actor_12\03-01-02-01-01-01-12.wav,calm,12
..\data\Actor_12\03-01-02-01-01-02-12.wav,calm,12
..\data\Actor_12\03-01-02-01-02-01-12.wav,calm,12
..\data\Actor_12\03-01-02-01-02-02-12.wav,calm,12
..\data\Actor_12\03-01-02-02-01-01-12.wav,calm,12
..\data\Actor_12\03-01-02-02-01-02-12.wav,calm,12
..\data\Actor_12\03-01-02-02-02-01-12.wav,calm,12
..\data\Actor_12\03-01-02-02-02-02-12.wav,calm,12
..\data\Actor_12\03-01-03-01-01-01-12.wav,happy,12
..\data\Actor_12\03-01-03-01-01-02-12.wav,happy,12
..\data\Actor_12\03-01-03-01-02-01-12.wav,happy,12
..\data\Actor_12\03-01-03-01-02-02-12.wav,happy,12
..\data\Actor_12\03-01-03-02-01-01-12.wav,happy,12
..\data\Actor_12\03-01-03-02-01-02-12.wav,happy,12
..\data\Actor_12\03-01-03-02-02-01-12.wav,happy,12
..\data\Actor_12\03-01-03-02-02-02-12.wav,happy,12
..\data\Actor_12\03-01-04-01-01-01-12.wav,sad,12
..\data\Actor_12\03-01-04-01-01-02-12.wav,sad,12
..\data\Actor_12\03-01-04-01-02-01-12.wav,sad,12
..\data\Actor_12\03-01-04-01-02-02-12.wav,sad,12
..\data\Actor_12\03-01-04-02-01-01-12.wav,sad,12
..\data\Actor_12\03-01-04-02-01-02-12.wav,sad,12
..\data\Actor_12\03-01-04-02-02-01-12.wav,sad,12
..\data\Actor_12\03-01-04-02-02-02-12.wav,sad,12
..\data\Actor_12\03-01-05-01-01-01-12.wav,angry,12
..\data\Actor_12\03-01-05-01-01-02-12.wav,angry,12
..\data\Actor_12\03-01-05-01-02-01-12.wav,angry,12
..\data\Actor_12\03-01-05-01-02-02-12.wav,angry,12
..\data\Actor_12\03-01-05-02-01-01-12.wav,angry,12
..\data\Actor_12\03-01-05-02-01-02-12.wav,angry,12
..\data\Actor_12\03-01-05-02-02-01-12.wav,angry,12
..\data\Actor_12\03-01-05-02-02-02-12.wav,angry,12
..\data\Actor_12\03-01-06-01-01-01-12.wav,fearful,12
..\data\Actor_12\03-01-06-01-01-02-12.wav,fearful,12
..\data\Actor_12\03-01-06-01-02-01-12.wav,fearful,12
..\data\Actor_12\03-01-06-01-02-02-12.wav,fearful,12
..\data\Actor_12\03-01-06-02-01-01-12.wav,fearful,12
..\data\Actor_12\03-01-06-02-01-02-12.wav,fearful,12
..\data\Actor_12\03-01-06-02-02-01-12.wav,fearful,12
..\data\Actor_12\03-01-06-02-02-02-12.wav,fearful,12
..\data\Actor_12\03-01-07-01-01-01-12.wav,disgust,12
..\data\Actor_12\03-01-07-01-01-02-12.wav,disgust,12
..\data\Actor_12\03-01-07-01-02-01-12.wav,disgust,12
..\data\Actor_12\03-01-07-01-02-02-12.wav,disgust,12
..\data\Actor_12\03-01-07-02-01-01-12.wav,disgust,12
..\data\Actor_12\03-01-07-02-01-02-12.wav,disgust,12
..\data\Actor_12\03-01-07-02-02-01-12.wav,disgust,12
..\data\Actor_12\03-01-07-02-02-02-12.wav,disgust,12
..\data\Actor_12\03-01-08-01-01-01-12.wav,surprised,12
..\data\Actor_12\03-01-08-01-01-02-12.wav,surprised,12
..\data\Actor_12\03-01-08-01-02-01-12.wav,surprised,12
..\data\Actor_12\03-01-08-01-02-02-12.wav,surprised,12
..\data\Actor_12\03-01-08-02-01-01-12.wav,surprised,12
..\data\Actor_12\03-01-08-02-01-02-12.wav,surprised,12
..\data\Actor_12\03-01-08-02-02-01-12.wav,surprised,12
..\data\Actor_12\03-01-08-02-02-02-12.wav,surprised,12
..\data\Actor_13\03-01-01-01-01-01-13.wav,neutral,13
..\data\Actor_13\03-01-01-01-01-02-13.wav,neutral,13
..\data\Actor_13\03-01-01-01-02-01-13.wav,neutral,13
..\data\Actor_13\03-01-01-01-02-02-13.wav,neutral,13
..\data\Actor_13\03-01-02-01-01-01-13.wav,calm,13
..\data\Actor_13\03-01-02-01-01-02-13.wav,calm,13
..\data\Actor_13\03-01-02-01-02-01-13.wav,calm,13
..\data\Actor_13\03-01-02-01-02-02-13.wav,calm,13
..\data\Actor_13\03-01-02-02-01-01-13.wav,calm,13
..\data\Actor_13\03-01-02-02-01-02-13.wav,calm,13
..\data\Actor_13\03-01-02-02-02-01-13.wav,calm,13
..\data\Actor_13\03-01-02-02-02-02-13.wav,calm,13
..\data\Actor_13\03-01-03-01-01-01-13.wav,happy,13
..\data\Actor_13\03-01-03-01-01-02-13.wav,happy,13
..\data\Actor_13\03-01-03-01-02-01-13.wav,happy,13
..\data\Actor_13\03-01-03-01-02-02-13.wav,happy,13
..\data\Actor_13\03-01-03-02-01-01-13.wav,happy,13
..\data\Actor_13\03-01-03-02-01-02-13.wav,happy,13
..\data\Actor_13\03-01-03-02-02-01-13.wav,happy,13
..\data\Actor_13\03-01-03-02-02-02-13.wav,happy,13
..\data\Actor_13\03-01-04-01-01-01-13.wav,sad,13
..\data\Actor_13\03-01-04-01-01-02-13.wav,sad,13
..\data\Actor_13\03-01-04-01-02-01-13.wav,sad,13
..\data\Actor_13\03-01-04-01-02-02-13.wav,sad,13
..\data\Actor_13\03-01-04-02-01-01-13.wav,sad,13
..\data\Actor_13\03-01-04-02-01-02-13.wav,sad,13
..\data\Actor_13\03-01-04-02-02-01-13.wav,sad,13
..\data\Actor_13\03-01-04-02-02-02-13.wav,sad,13
..\data\Actor_13\03-01-05-01-01-01-13.wav,angry,13
..\data\Actor_13\03-01-05-01-01-02-13.wav,angry,13
..\data\Actor_13\03-01-05-01-02-01-13.wav,angry,13
..\data\Actor_13\03-01-05-01-02-02-13.wav,angry,13
..\data\Actor_13\03-01-05-02-01-01-13.wav,angry,13
..\data\Actor_13\03-01-05-02-01-02-13.wav,angry,13
..\data\Actor_13\03-01-05-02-02-01-13.wav,angry,13
..\data\Actor_13\03-01-05-02-02-02-13.wav,angry,13
..\data\Actor_13\03-01-06-01-01-01-13.wav,fearful,13
..\data\Actor_13\03-01-06-01-01-02-13.wav,fearful,13
..\data\Actor_13\03-01-06-01-02-01-13.wav,fearful,13
..\data\Actor_13\03-01-06-01-02-02-13.wav,fearful,13
..\data\Actor_13\03-01-06-02-01-01-13.wav,fearful,13
..\data\Actor_13\03-01-06-02-01-02-13.wav,fearful,13
..\data\Actor_13\03-01-06-02-02-01-13.wav,fearful,13
..\data\Actor_13\03-01-06-02-02-02-13.wav,fearful,13
..\data\Actor_13\03-01-07-01-01-01-13.wav,disgust,13
..\data\Actor_13\03-01-07-01-01-02-13.wav,disgust,13
..\data\Actor_13\03-01-07-01-02-01-13.wav,disgust,13
..\data\Actor_13\03-01-07-01-02-02-13.wav,disgust,13
..\data\Actor_13\03-01-07-02-01-01-13.wav,disgust,13
..\data\Actor_13\03-01-07-02-01-02-13.wav,disgust,13
..\data\Actor_13\03-01-07-02-02-01-13.wav,disgust,13
..\data\Actor_13\03-01-07-02-02-02-13.wav,disgust,13
..\data\Actor_13\03-01-08-01-01-01-13.wav,surprised,13
..\data\Actor_13\03-01-08-01-01-02-13.wav,surprised,13
..\data\Actor_13\03-01-08-01-02-01-13.wav,surprised,13
..\data\Actor_13\03-01-08-01-02-02-13.wav,surprised,13
..\data\Actor_13\03-01-08-02-01-01-13.wav,surprised,13
..\data\Actor_13\03-01-08-02-01-02-13.wav,surprised,13
..\data\Actor_13\03-01-08-02-02-01-13.wav,surprised,13
..\data\Actor_13\03-01-08-02-02-02-13.wav,surprised,13
..\data\Actor_14\03-01-01-01-01-01-14.wav,neutral,14
..\data\Actor_14\03-01-01-01-01-02-14.wav,neutral,14
..\data\Actor_14\03-01-01-01-02-01-14.wav,neutral,14
..\data\Actor_14\03-01-01-01-02-02-14.wav,neutral,14
..\data\Actor_14\03-01-02-01-01-01-14.wav,calm,14
..\data\Actor_14\03-01-02-01-01-02-14.wav,calm,14
..\data\Actor_14\03-01-02-01-02-01-14.wav,calm,14
..\data\Actor_14\03-01-02-01-02-02-14.wav,calm,14
..\data\Actor_14\03-01-02-02-01-01-14.wav,calm,14
..\data\Actor_14\03-01-02-02-01-02-14.wav,calm,14
..\data\Actor_14\03-01-02-02-02-01-14.wav,calm,14
..\data\Actor_14\03-01-02-02-02-02-14.wav,calm,14
..\data\Actor_14\03-01-03-01-01-01-14.wav,happy,14
..\data\Actor_14\03-01-03-01-01-02-14.wav,happy,14
..\data\Actor_14\03-01-03-01-02-01-14.wav,happy,14
..\data\Actor_14\03-01-03-01-02-02-14.wav,happy,14
..\data\Actor_14\03-01-03-02-01-01-14.wav,happy,14
..\data\Actor_14\03-01-03-02-01-02-14.wav,happy,14
..\data\Actor_14\03-01-03-02-02-01-14.wav,happy,14
..\data\Actor_14\03-01-03-02-02-02-14.wav,happy,14
..\data\Actor_14\03-01-04-01-01-01-14.wav,sad,14
..\data\Actor_14\03-01-04-01-01-02-14.wav,sad,14
..\data\Actor_14\03-01-04-01-02-01-14.wav,sad,14
..\data\Actor_14\03-01-04-01-02-02-14.wav,sad,14
..\data\Actor_14\03-01-04-02-01-01-14.wav,sad,14
..\data\Actor_14\03-01-04-02-01-02-14.wav,sad,14
..\data\Actor_14\03-01-04-02-02-01-14.wav,sad,14
..\data\Actor_14\03-01-04-02-02-02-14.wav,sad,14
..\data\Actor_14\03-01-05-01-01-01-14.wav,angry,14
..\data\Actor_14\03-01-05-01-01-02-14.wav,angry,14
..\data\Actor_14\03-01-05-01-02-01-14.wav,angry,14
..\data\Actor_14\03-01-05-01-02-02-14.wav,angry,14
..\data\Actor_14\03-01-05-02-01-01-14.wav,angry,14
..\data\Actor_14\03-01-05-02-01-02-14.wav,angry,14
..\data\Actor_14\03-01-05-02-02-01-14.wav,angry,14
..\data\Actor_14\03-01-05-02-02-02-14.wav,angry,14
..\data\Actor_14\03-01-06-01-01-01-14.wav,fearful,14
..\data\Actor_14\03-01-06-01-01-02-14.wav,fearful,14
..\data\Actor_14\03-01-06-01-02-01-14.wav,fearful,14
..\data\Actor_14\03-01-06-01-02-02-14.wav,fearful,14
..\data\Actor_14\03-01-06-02-01-01-14.wav,fearful,14
..\data\Actor_14\03-01-06-02-01-02-14.wav,fearful,14
..\data\Actor_14\03-01-06-02-02-01-14.wav,fearful,14
..\data\Actor_14\03-01-06-02-02-02-14.wav,fearful,14
..\data\Actor_14\03-01-07-01-01-01-14.wav,disgust,14
..\data\Actor_14\03-01-07-01-01-02-14.wav,disgust,14
..\data\Actor_14\03-01-07-01-02-01-14.wav,disgust,14
..\data\Actor_14\03-01-07-01-02-02-14.wav,disgust,14
..\data\Actor_14\03-01-07-02-01-01-14.wav,disgust,14
..\data\Actor_14\03-01-07-02-01-02-14.wav,disgust,14
..\data\Actor_14\03-01-07-02-02-01-14.wav,disgust,14
..\data\Actor_14\03-01-07-02-02-02-14.wav,disgust,14
..\data\Actor_14\03-01-08-01-01-01-14.wav,surprised,14
..\data\Actor_14\03-01-08-01-01-02-14.wav,surprised,14
..\data\Actor_14\03-01-08-01-02-01-14.wav,surprised,14
..\data\Actor_14\03-01-08-01-02-02-14.wav,surprised,14
..\data\Actor_14\03-01-08-02-01-01-14.wav,surprised,14
..\data\Actor_14\03-01-08-02-01-02-14.wav,surprised,14
..\data\Actor_14\03-01-08-02-02-01-14.wav,surprised,14
..\data\Actor_14\03-01-08-02-02-02-14.wav,surprised,14
..\data\Actor_15\03-01-01-01-01-01-15.wav,neutral,15
..\data\Actor_15\03-01-01-01-01-02-15.wav,neutral,15
..\data\Actor_15\03-01-01-01-02-01-15.wav,neutral,15
..\data\Actor_15\03-01-01-01-02-02-15.wav,neutral,15
..\data\Actor_15\03-01-02-01-01-01-15.wav,calm,15
..\data\Actor_15\03-01-02-01-01-02-15.wav,calm,15
..\data\Actor_15\03-01-02-01-02-01-15.wav,calm,15
..\data\Actor_15\03-01-02-01-02-02-15.wav,calm,15
..\data\Actor_15\03-01-02-02-01-01-15.wav,calm,15
..\data\Actor_15\03-01-02-02-01-02-15.wav,calm,15
..\data\Actor_15\03-01-02-02-02-01-15.wav,calm,15
..\data\Actor_15\03-01-02-02-02-02-15.wav,calm,15
..\data\Actor_15\03-01-03-01-01-01-15.wav,happy,15
..\data\Actor_15\03-01-03-01-01-02-15.wav,happy,15
..\data\Actor_15\03-01-03-01-02-01-15.wav,happy,15
..\data\Actor_15\03-01-03-01-02-02-15.wav,happy,15
..\data\Actor_15\03-01-03-02-01-01-15.wav,happy,15
..\data\Actor_15\03-01-03-02-01-02-15.wav,happy,15
..\data\Actor_15\03-01-03-02-02-01-15.wav,happy,15
..\data\Actor_15\03-01-03-02-02-02-15.wav,happy,15
..\data\Actor_15\03-01-04-01-01-01-15.wav,sad,15
..\data\Actor_15\03-01-04-01-01-02-15.wav,sad,15
..\data\Actor_15\03-01-04-01-02-01-15.wav,sad,15
..\data\Actor_15\03-01-04-01-02-02-15.wav,sad,15
..\data\Actor_15\03-01-04-02-01-01-15.wav,sad,15
..\data\Actor_15\03-01-04-02-01-02-15.wav,sad,15
..\data\Actor_15\03-01-04-02-02-01-15.wav,sad,15
..\data\Actor_15\03-01-04-02-02-02-15.wav,sad,15
..\data\Actor_15\03-01-05-01-01-01-15.wav,angry,15
..\data\Actor_15\03-01-05-01-01-02-15.wav,angry,15
..\data\Actor_15\03-01-05-01-02-01-15.wav,angry,15
..\data\Actor_15\03-01-05-01-02-02-15.wav,angry,15
..\data\Actor_15\03-01-05-02-01-01-15.wav,angry,15
..\data\Actor_15\03-01-05-02-01-02-15.wav,angry,15
..\data\Actor_15\03-01-05-02-02-01-15.wav,angry,15
..\data\Actor_15\03-01-05-02-02-02-15.wav,angry,15
..\data\Actor_15\03-01-06-01-01-01-15.wav,fearful,15
..\data\Actor_15\03-01-06-01-01-02-15.wav,fearful,15
..\data\Actor_15\03-01-06-01-02-01-15.wav,fearful,15
..\data\Actor_15\03-01-06-01-02-02-15.wav,fearful,15
..\data\Actor_15\03-01-06-02-01-01-15.wav,fearful,15
..\data\Actor_15\03-01-06-02-01-02-15.wav,fearful,15
..\data\Actor_15\03-01-06-02-02-01-15.wav,fearful,15
..\data\Actor_15\03-01-06-02-02-02-15.wav,fearful,15
..\data\Actor_15\03-01-07-01-01-01-15.wav,disgust,15
..\data\Actor_15\03-01-07-01-01-02-15.wav,disgust,15
..\data\Actor_15\03-01-07-01-02-01-15.wav,disgust,15
..\data\Actor_15\03-01-07-01-02-02-15.wav,disgust,15
..\data\Actor_15\03-01-07-02-01-01-15.wav,disgust,15
..\data\Actor_15\03-01-07-02-01-02-15.wav,disgust,15
..\data\Actor_15\03-01-07-02-02-01-15.wav,disgust,15
..\data\Actor_15\03-01-07-02-02-02-15.wav,disgust,15
..\data\Actor_15\03-01-08-01-01-01-15.wav,surprised,15
..\data\Actor_15\03-01-08-01-01-02-15.wav,surprised,15
..\data\Actor_15\03-01-08-01-02-01-15.wav,surprised,15
..\data\Actor_15\03-01-08-01-02-02-15.wav,surprised,15
..\data\Actor_15\03-01-08-02-01-01-15.wav,surprised,15
..\data\Actor_15\03-01-08-02-01-02-15.wav,surprised,15
..\data\Actor_15\03-01-08-02-02-01-15.wav,surprised,15
..\data\Actor_15\03-01-08-02-02-02-15.wav,surprised,15
..\data\Actor_16\03-01-01-01-01-01-16.wav,neutral,16
..\data\Actor_16\03-01-01-01-01-02-16.wav,neutral,16
..\data\Actor_16\03-01-01-01-02-01-16.wav,neutral,16
..\data\Actor_16\03-01-01-01-02-02-16.wav,neutral,16
..\data\Actor_16\03-01-02-01-01-01-16.wav,calm,16
..\data\Actor_16\03-01-02-01-01-02-16.wav,calm,16
..\data\Actor_16\03-01-02-01-02-01-16.wav,calm,16
..\data\Actor_16\03-01-02-01-02-02-16.wav,calm,16
..\data\Actor_16\03-01-02-02-01-01-16.wav,calm,16
..\data\Actor_16\03-01-02-02-01-02-16.wav,calm,16
..\data\Actor_16\03-01-02-02-02-01-16.wav,calm,16
..\data\Actor_16\03-01-02-02-02-02-16.wav,calm,16
..\data\Actor_16\03-01-03-01-01-01-16.wav,happy,16
..\data\Actor_16\03-01-03-01-01-02-16.wav,happy,16
..\data\Actor_16\03-01-03-01-02-01-16.wav,happy,16
..\data\Actor_16\03-01-03-01-02-02-16.wav,happy,16
..\data\Actor_16\03-01-03-02-01-01-16.wav,happy,16
..\data\Actor_16\03-01-03-02-01-02-16.wav,happy,16
..\data\Actor_16\03-01-03-02-02-01-16.wav,happy,16
..\data\Actor_16\03-01-03-02-02-02-16.wav,happy,16
..\data\Actor_16\03-01-04-01-01-01-16.wav,sad,16
..\data\Actor_16\03-01-04-01-01-02-16.wav,sad,16
..\data\Actor_16\03-01-04-01-02-01-16.wav,sad,16
..\data\Actor_16\03-01-04-01-02-02-16.wav,sad,16
..\data\Actor_16\03-01-04-02-01-01-16.wav,sad,16
..\data\Actor_16\03-01-04-02-01-02-16.wav,sad,16
..\data\Actor_16\03-01-04-02-02-01-16.wav,sad,16
..\data\Actor_16\03-01-04-02-02-02-16.wav,sad,16
..\data\Actor_16\03-01-05-01-01-01-16.wav,angry,16
..\data\Actor_16\03-01-05-01-01-02-16.wav,angry,16
..\data\Actor_16\03-01-05-01-02-01-16.wav,angry,16
..\data\Actor_16\03-01-05-01-02-02-16.wav,angry,16
..\data\Actor_16\03-01-05-02-01-01-16.wav,angry,16
..\data\Actor_16\03-01-05-02-01-02-16.wav,angry,16
..\data\Actor_16\03-01-05-02-02-01-16.wav,angry,16
..\data\Actor_16\03-01-05-02-02-02-16.wav,angry,16
..\data\Actor_16\03-01-06-01-01-01-16.wav,fearful,16
..\data\Actor_16\03-01-06-01-01-02-16.wav,fearful,16
..\data\Actor_16\03-01-06-01-02-01-16.wav,fearful,16
..\data\Actor_16\03-01-06-01-02-02-16.wav,fearful,16
..\data\Actor_16\03-01-06-02-01-01-16.wav,fearful,16
..\data\Actor_16\03-01-06-02-01-02-16.wav,fearful,16
..\data\Actor_16\03-01-06-02-02-01-16.wav,fearful,16
..\data\Actor_16\03-01-06-02-02-02-16.wav,fearful,16
..\data\Actor_16\03-01-07-01-01-01-16.wav,disgust,16
..\data\Actor_16\03-01-07-01-01-02-16.wav,disgust,16
..\data\Actor_16\03-01-07-01-02-01-16.wav,disgust,16
..\data\Actor_16\03-01-07-01-02-02-16.wav,disgust,16
..\data\Actor_16\03-01-07-02-01-01-16.wav,disgust,16
..\data\Actor_16\03-01-07-02-01-02-16.wav,disgust,16
..\data\Actor_16\03-01-07-02-02-01-16.wav,disgust,16
..\data\Actor_16\03-01-07-02-02-02-16.wav,disgust,16
..\data\Actor_16\03-01-08-01-01-01-16.wav,surprised,16
..\data\Actor_16\03-01-08-01-01-02-16.wav,surprised,16
..\data\Actor_16\03-01-08-01-02-01-16.wav,surprised,16
..\data\Actor_16\03-01-08-01-02-02-16.wav,surprised,16
..\data\Actor_16\03-01-08-02-01-01-16.wav,surprised,16
..\data\Actor_16\03-01-08-02-01-02-16.wav,surprised,16
..\data\Actor_16\03-01-08-02-02-01-16.wav,surprised,16
..\data\Actor_16\03-01-08-02-02-02-16.wav,surprised,16
..\data\Actor_17\03-01-01-01-01-01-17.wav,neutral,17
..\data\Actor_17\03-01-01-01-01-02-17.wav,neutral,17
..\data\Actor_17\03-01-01-01-02-01-17.wav,neutral,17
..\data\Actor_17\03-01-01-01-02-02-17.wav,neutral,17
..\data\Actor_17\03-01-02-01-01-01-17.wav,calm,17
..\data\Actor_17\03-01-02-01-01-02-17.wav,calm,17
..\data\Actor_17\03-01-02-01-02-01-17.wav,calm,17
..\data\Actor_17\03-01-02-01-02-02-17.wav,calm,17
..\data\Actor_17\03-01-02-02-01-01-17.wav,calm,17
..\data\Actor_17\03-01-02-02-01-02-17.wav,calm,17
..\data\Actor_17\03-01-02-02-02-01-17.wav,calm,17
..\data\Actor_17\03-01-02-02-02-02-17.wav,calm,17
..\data\Actor_17\03-01-03-01-01-01-17.wav,happy,17
..\data\Actor_17\03-01-03-01-01-02-17.wav,happy,17
..\data\Actor_17\03-01-03-01-02-01-17.wav,happy,17
..\data\Actor_17\03-01-03-01-02-02-17.wav,happy,17
..\data\Actor_17\03-01-03-02-01-01-17.wav,happy,17
..\data\Actor_17\03-01-03-02-01-02-17.wav,happy,17
..\data\Actor_17\03-01-03-02-02-01-17.wav,happy,17
..\data\Actor_17\03-01-03-02-02-02-17.wav,happy,17
..\data\Actor_17\03-01-04-01-01-01-17.wav,sad,17
..\data\Actor_17\03-01-04-01-01-02-17.wav,sad,17
..\data\Actor_17\03-01-04-01-02-01-17.wav,sad,17
..\data\Actor_17\03-01-04-01-02-02-17.wav,sad,17
..\data\Actor_17\03-01-04-02-01-01-17.wav,sad,17
..\data\Actor_17\03-01-04-02-01-02-17.wav,sad,17
..\data\Actor_17\03-01-04-02-02-01-17.wav,sad,17
..\data\Actor_17\03-01-04-02-02-02-17.wav,sad,17
..\data\Actor_17\03-01-05-01-01-01-17.wav,angry,17
..\data\Actor_17\03-01-05-01-01-02-17.wav,angry,17
..\data\Actor_17\03-01-05-01-02-01-17.wav,angry,17
..\data\Actor_17\03-01-05-01-02-02-17.wav,angry,17
..\data\Actor_17\03-01-05-02-01-01-17.wav,angry,17
..\data\Actor_17\03-01-05-02-01-02-17.wav,angry,17
..\data\Actor_17\03-01-05-02-02-01-17.wav,angry,17
..\data\Actor_17\03-01-05-02-02-02-17.wav,angry,17
..\data\Actor_17\03-01-06-01-01-01-17.wav,fearful,17
..\data\Actor_17\03-01-06-01-01-02-17.wav,fearful,17
..\data\Actor_17\03-01-06-01-02-01-17.wav,fearful,17
..\data\Actor_17\03-01-06-01-02-02-17.wav,fearful,17
..\data\Actor_17\03-01-06-02-01-01-17.wav,fearful,17
..\data\Actor_17\03-01-06-02-01-02-17.wav,fearful,17
..\data\Actor_17\03-01-06-02-02-01-17.wav,fearful,17
..\data\Actor_17\03-01-06-02-02-02-17.wav,fearful,17
..\data\Actor_17\03-01-07-01-01-01-17.wav,disgust,17
..\data\Actor_17\03-01-07-01-01-02-17.wav,disgust,17
..\data\Actor_17\03-01-07-01-02-01-17.wav,disgust,17
..\data\Actor_17\03-01-07-01-02-02-17.wav,disgust,17
..\data\Actor_17\03-01-07-02-01-01-17.wav,disgust,17
..\data\Actor_17\03-01-07-02-01-02-17.wav,disgust,17
..\data\Actor_17\03-01-07-02-02-01-17.wav,disgust,17
..\data\Actor_17\03-01-07-02-02-02-17.wav,disgust,17
..\data\Actor_17\03-01-08-01-01-01-17.wav,surprised,17
..\data\Actor_17\03-01-08-01-01-02-17.wav,surprised,17
..\data\Actor_17\03-01-08-01-02-01-17.wav,surprised,17
..\data\Actor_17\03-01-08-01-02-02-17.wav,surprised,17
..\data\Actor_17\03-01-08-02-01-01-17.wav,surprised,17
..\data\Actor_17\03-01-08-02-01-02-17.wav,surprised,17
..\data\Actor_17\03-01-08-02-02-01-17.wav,surprised,17
..\data\Actor_17\03-01-08-02-02-02-17.wav,surprised,17
..\data\Actor_18\03-01-01-01-01-01-18.wav,neutral,18
..\data\Actor_18\03-01-01-01-01-02-18.wav,neutral,18
..\data\Actor_18\03-01-01-01-02-01-18.wav,neutral,18
..\data\Actor_18\03-01-01-01-02-02-18.wav,neutral,18
..\data\Actor_18\03-01-02-01-01-01-18.wav,calm,18
..\data\Actor_18\03-01-02-01-01-02-18.wav,calm,18
..\data\Actor_18\03-01-02-01-02-01-18.wav,calm,18
..\data\Actor_18\03-01-02-01-02-02-18.wav,calm,18
..\data\Actor_18\03-01-02-02-01-01-18.wav,calm,18
..\data\Actor_18\03-01-02-02-01-02-18.wav,calm,18
..\data\Actor_18\03-01-02-02-02-01-18.wav,calm,18
..\data\Actor_18\03-01-02-02-02-02-18.wav,calm,18
..\data\Actor_18\03-01-03-01-01-01-18.wav,happy,18
..\data\Actor_18\03-01-03-01-01-02-18.wav,happy,18
..\data\Actor_18\03-01-03-01-02-01-18.wav,happy,18
..\data\Actor_18\03-01-03-01-02-02-18.wav,happy,18
..\data\Actor_18\03-01-03-02-01-01-18.wav,happy,18
..\data\Actor_18\03-01-03-02-01-02-18.wav,happy,18
..\data\Actor_18\03-01-03-02-02-01-18.wav,happy,18
..\data\Actor_18\03-01-03-02-02-02-18.wav,happy,18
..\data\Actor_18\03-01-04-01-01-01-18.wav,sad,18
..\data\Actor_18\03-01-04-01-01-02-18.wav,sad,18
..\data\Actor_18\03-01-04-01-02-01-18.wav,sad,18
..\data\Actor_18\03-01-04-01-02-02-18.wav,sad,18
..\data\Actor_18\03-01-04-02-01-01-18.wav,sad,18
..\data\Actor_18\03-01-04-02-01-02-18.wav,sad,18
..\data\Actor_18\03-01-04-02-02-01-18.wav,sad,18
..\data\Actor_18\03-01-04-02-02-02-18.wav,sad,18
..\data\Actor_18\03-01-05-01-01-01-18.wav,angry,18
..\data\Actor_18\03-01-05-01-01-02-18.wav,angry,18
..\data\Actor_18\03-01-05-01-02-01-18.wav,angry,18
..\data\Actor_18\03-01-05-01-02-02-18.wav,angry,18
..\data\Actor_18\03-01-05-02-01-01-18.wav,angry,18
..\data\Actor_18\03-01-05-02-01-02-18.wav,angry,18
..\data\Actor_18\03-01-05-02-02-01-18.wav,angry,18
..\data\Actor_18\03-01-05-02-02-02-18.wav,angry,18
..\data\Actor_18\03-01-06-01-01-01-18.wav,fearful,18
..\data\Actor_18\03-01-06-01-01-02-18.wav,fearful,18
..\data\Actor_18\03-01-06-01-02-01-18.wav,fearful,18
..\data\Actor_18\03-01-06-01-02-02-18.wav,fearful,18
..\data\Actor_18\03-01-06-02-01-01-18.wav,fearful,18
..\data\Actor_18\03-01-06-02-01-02-18.wav,fearful,18
..\data\Actor_18\03-01-06-02-02-01-18.wav,fearful,18
..\data\Actor_18\03-01-06-02-02-02-18.wav,fearful,18
..\data\Actor_18\03-01-07-01-01-01-18.wav,disgust,18
..\data\Actor_18\03-01-07-01-01-02-18.wav,disgust,18
..\data\Actor_18\03-01-07-01-02-01-18.wav,disgust,18
..\data\Actor_18\03-01-07-01-02-02-18.wav,disgust,18
..\data\Actor_18\03-01-07-02-01-01-18.wav,disgust,18
..\data\Actor_18\03-01-07-02-01-02-18.wav,disgust,18
..\data\Actor_18\03-01-07-02-02-01-18.wav,disgust,18
..\data\Actor_18\03-01-07-02-02-02-18.wav,disgust,18
..\data\Actor_18\03-01-08-01-01-01-18.wav,surprised,18
..\data\Actor_18\03-01-08-01-01-02-18.wav,surprised,18
..\data\Actor_18\03-01-08-01-02-01-18.wav,surprised,18
..\data\Actor_18\03-01-08-01-02-02-18.wav,surprised,18
..\data\Actor_18\03-01-08-02-01-01-18.wav,surprised,18
..\data\Actor_18\03-01-08-02-01-02-18.wav,surprised,18
..\data\Actor_18\03-01-08-02-02-01-18.wav,surprised,18
..\data\Actor_18\03-01-08-02-02-02-18.wav,surprised,18
..\data\Actor_19\03-01-01-01-01-01-19.wav,neutral,19
..\data\Actor_19\03-01-01-01-01-02-19.wav,neutral,19
..\data\Actor_19\03-01-01-01-02-01-19.wav,neutral,19
..\data\Actor_19\03-01-01-01-02-02-19.wav,neutral,19
..\data\Actor_19\03-01-02-01-01-01-19.wav,calm,19
..\data\Actor_19\03-01-02-01-01-02-19.wav,calm,19
..\data\Actor_19\03-01-02-01-02-01-19.wav,calm,19
..\data\Actor_19\03-01-02-01-02-02-19.wav,calm,19
..\data\Actor_19\03-01-02-02-01-01-19.wav,calm,19
..\data\Actor_19\03-01-02-02-01-02-19.wav,calm,19
..\data\Actor_19\03-01-02-02-02-01-19.wav,calm,19
..\data\Actor_19\03-01-02-02-02-02-19.wav,calm,19
..\data\Actor_19\03-01-03-01-01-01-19.wav,happy,19
..\data\Actor_19\03-01-03-01-01-02-19.wav,happy,19
..\data\Actor_19\03-01-03-01-02-01-19.wav,happy,19
..\data\Actor_19\03-01-03-01-02-02-19.wav,happy,19
..\data\Actor_19\03-01-03-02-01-01-19.wav,happy,19
..\data\Actor_19\03-01-03-02-01-02-19.wav,happy,19
..\data\Actor_19\03-01-03-02-02-01-19.wav,happy,19
..\data\Actor_19\03-01-03-02-02-02-19.wav,happy,19
..\data\Actor_19\03-01-04-01-01-01-19.wav,sad,19
..\data\Actor_19\03-01-04-01-01-02-19.wav,sad,19
..\data\Actor_19\03-01-04-01-02-01-19.wav,sad,19
..\data\Actor_19\03-01-04-01-02-02-19.wav,sad,19
..\data\Actor_19\03-01-04-02-01-01-19.wav,sad,19
..\data\Actor_19\03-01-04-02-01-02-19.wav,sad,19
..\data\Actor_19\03-01-04-02-02-01-19.wav,sad,19
..\data\Actor_19\03-01-04-02-02-02-19.wav,sad,19
..\data\Actor_19\03-01-05-01-01-01-19.wav,angry,19
..\data\Actor_19\03-01-05-01-01-02-19.wav,angry,19
..\data\Actor_19\03-01-05-01-02-01-19.wav,angry,19
..\data\Actor_19\03-01-05-01-02-02-19.wav,angry,19
..\data\Actor_19\03-01-05-02-01-01-19.wav,angry,19
..\data\Actor_19\03-01-05-02-01-02-19.wav,angry,19
..\data\Actor_19\03-01-05-02-02-01-19.wav,angry,19
..\data\Actor_19\03-01-05-02-02-02-19.wav,angry,19
..\data\Actor_19\03-01-06-01-01-01-19.wav,fearful,19
..\data\Actor_19\03-01-06-01-01-02-19.wav,fearful,19
..\data\Actor_19\03-01-06-01-02-01-19.wav,fearful,19
..\data\Actor_19\03-01-06-01-02-02-19.wav,fearful,19
..\data\Actor_19\03-01-06-02-01-01-19.wav,fearful,19
..\data\Actor_19\03-01-06-02-01-02-19.wav,fearful,19
..\data\Actor_19\03-01-06-02-02-01-19.wav,fearful,19
..\data\Actor_19\03-01-06-02-02-02-19.wav,fearful,19
..\data\Actor_19\03-01-07-01-01-01-19.wav,disgust,19
..\data\Actor_19\03-01-07-01-01-02-19.wav,disgust,19
..\data\Actor_19\03-01-07-01-02-01-19.wav,disgust,19
..\data\Actor_19\03-01-07-01-02-02-19.wav,disgust,19
..\data\Actor_19\03-01-07-02-01-01-19.wav,disgust,19
..\data\Actor_19\03-01-07-02-01-02-19.wav,disgust,19
..\data\Actor_19\03-01-07-02-02-01-19.wav,disgust,19
..\data\Actor_19\03-01-07-02-02-02-19.wav,disgust,19
..\data\Actor_19\03-01-08-01-01-01-19.wav,surprised,19
..\data\Actor_19\03-01-08-01-01-02-19.wav,surprised,19
..\data\Actor_19\03-01-08-01-02-01-19.wav,surprised,19
..\data\Actor_19\03-01-08-01-02-02-19.wav,surprised,19
..\data\Actor_19\03-01-08-02-01-01-19.wav,surprised,19
..\data\Actor_19\03-01-08-02-01-02-19.wav,surprised,19
..\data\Actor_19\03-01-08-02-02-01-19.wav,surprised,19
..\data\Actor_19\03-01-08-02-02-02-19.wav,surprised,19
..\data\Actor_20\03-01-01-01-01-01-20.wav,neutral,20
..\data\Actor_20\03-01-01-01-01-02-20.wav,neutral,20
..\data\Actor_20\03-01-01-01-02-01-20.wav,neutral,20
..\data\Actor_20\03-01-01-01-02-02-20.wav,neutral,20
..\data\Actor_20\03-01-02-01-01-01-20.wav,calm,20
..\data\Actor_20\03-01-02-01-01-02-20.wav,calm,20
..\data\Actor_20\03-01-02-01-02-01-20.wav,calm,20
..\data\Actor_20\03-01-02-01-02-02-20.wav,calm,20
..\data\Actor_20\03-01-02-02-01-01-20.wav,calm,20
..\data\Actor_20\03-01-02-02-01-02-20.wav,calm,20
..\data\Actor_20\03-01-02-02-02-01-20.wav,calm,20
..\data\Actor_20\03-01-02-02-02-02-20.wav,calm,20
..\data\Actor_20\03-01-03-01-01-01-20.wav,happy,20
..\data\Actor_20\03-01-03-01-01-02-20.wav,happy,20
..\data\Actor_20\03-01-03-01-02-01-20.wav,happy,20
..\data\Actor_20\03-01-03-01-02-02-20.wav,happy,20
..\data\Actor_20\03-01-03-02-01-01-20.wav,happy,20
..\data\Actor_20\03-01-03-02-01-02-20.wav,happy,20
..\data\Actor_20\03-01-03-02-02-01-20.wav,happy,20
..\data\Actor_20\03-01-03-02-02-02-20.wav,happy,20
..\data\Actor_20\03-01-04-01-01-01-20.wav,sad,20
..\data\Actor_20\03-01-04-01-01-02-20.wav,sad,20
..\data\Actor_20\03-01-04-01-02-01-20.wav,sad,20
..\data\Actor_20\03-01-04-01-02-02-20.wav,sad,20
..\data\Actor_20\03-01-04-02-01-01-20.wav,sad,20
..\data\Actor_20\03-01-04-02-01-02-20.wav,sad,20
..\data\Actor_20\03-01-04-02-02-01-20.wav,sad,20
..\data\Actor_20\03-01-04-02-02-02-20.wav,sad,20
..\data\Actor_20\03-01-05-01-01-01-20.wav,angry,20
..\data\Actor_20\03-01-05-01-01-02-20.wav,angry,20
..\data\Actor_20\03-01-05-01-02-01-20.wav,angry,20
..\data\Actor_20\03-01-05-01-02-02-20.wav,angry,20
..\data\Actor_20\03-01-05-02-01-01-20.wav,angry,20
..\data\Actor_20\03-01-05-02-01-02-20.wav,angry,20
..\data\Actor_20\03-01-05-02-02-01-20.wav,angry,20
..\data\Actor_20\03-01-05-02-02-02-20.wav,angry,20
..\data\Actor_20\03-01-06-01-01-01-20.wav,fearful,20
..\data\Actor_20\03-01-06-01-01-02-20.wav,fearful,20
..\data\Actor_20\03-01-06-01-02-01-20.wav,fearful,20
..\data\Actor_20\03-01-06-01-02-02-20.wav,fearful,20
..\data\Actor_20\03-01-06-02-01-01-20.wav,fearful,20
..\data\Actor_20\03-01-06-02-01-02-20.wav,fearful,20
..\data\Actor_20\03-01-06-02-02-01-20.wav,fearful,20
..\data\Actor_20\03-01-06-02-02-02-20.wav,fearful,20
..\data\Actor_20\03-01-07-01-01-01-20.wav,disgust,20
..\data\Actor_20\03-01-07-01-01-02-20.wav,disgust,20
..\data\Actor_20\03-01-07-01-02-01-20.wav,disgust,20
..\data\Actor_20\03-01-07-01-02-02-20.wav,disgust,20
..\data\Actor_20\03-01-07-02-01-01-20.wav,disgust,20
..\data\Actor_20\03-01-07-02-01-02-20.wav,disgust,20
..\data\Actor_20\03-01-07-02-02-01-20.wav,disgust,20
..\data\Actor_20\03-01-07-02-02-02-20.wav,disgust,20
..\data\Actor_20\03-01-08-01-01-01-20.wav,surprised,20
..\data\Actor_20\03-01-08-01-01-02-20.wav,surprised,20
..\data\Actor_20\03-01-08-01-02-01-20.wav,surprised,20
..\data\Actor_20\03-01-08-01-02-02-20.wav,surprised,20
..\data\Actor_20\03-01-08-02-01-01-20.wav,surprised,20
..\data\Actor_20\03-01-08-02-01-02-20.wav,surprised,20
..\data\Actor_20\03-01-08-02-02-01-20.wav,surprised,20
..\data\Actor_20\03-01-08-02-02-02-20.wav,surprised,20
..\data\Actor_21\03-01-01-01-01-01-21.wav,neutral,21
..\data\Actor_21\03-01-01-01-01-02-21.wav,neutral,21
..\data\Actor_21\03-01-01-01-02-01-21.wav,neutral,21
..\data\Actor_21\03-01-01-01-02-02-21.wav,neutral,21
..\data\Actor_21\03-01-02-01-01-01-21.wav,calm,21
..\data\Actor_21\03-01-02-01-01-02-21.wav,calm,21
..\data\Actor_21\03-01-02-01-02-01-21.wav,calm,21
..\data\Actor_21\03-01-02-01-02-02-21.wav,calm,21
..\data\Actor_21\03-01-02-02-01-01-21.wav,calm,21
..\data\Actor_21\03-01-02-02-01-02-21.wav,calm,21
..\data\Actor_21\03-01-02-02-02-01-21.wav,calm,21
..\data\Actor_21\03-01-02-02-02-02-21.wav,calm,21
..\data\Actor_21\03-01-03-01-01-01-21.wav,happy,21
..\data\Actor_21\03-01-03-01-01-02-21.wav,happy,21
..\data\Actor_21\03-01-03-01-02-01-21.wav,happy,21
..\data\Actor_21\03-01-03-01-02-02-21.wav,happy,21
..\data\Actor_21\03-01-03-02-01-01-21.wav,happy,21
..\data\Actor_21\03-01-03-02-01-02-21.wav,happy,21
..\data\Actor_21\03-01-03-02-02-01-21.wav,happy,21
..\data\Actor_21\03-01-03-02-02-02-21.wav,happy,21
..\data\Actor_21\03-01-04-01-01-01-21.wav,sad,21
..\data\Actor_21\03-01-04-01-01-02-21.wav,sad,21
..\data\Actor_21\03-01-04-01-02-01-21.wav,sad,21
..\data\Actor_21\03-01-04-01-02-02-21.wav,sad,21
..\data\Actor_21\03-01-04-02-01-01-21.wav,sad,21
..\data\Actor_21\03-01-04-02-01-02-21.wav,sad,21
..\data\Actor_21\03-01-04-02-02-01-21.wav,sad,21
..\data\Actor_21\03-01-04-02-02-02-21.wav,sad,21
..\data\Actor_21\03-01-05-01-01-01-21.wav,angry,21
..\data\Actor_21\03-01-05-01-01-02-21.wav,angry,21
..\data\Actor_21\03-01-05-01-02-01-21.wav,angry,21
..\data\Actor_21\03-01-05-01-02-02-21.wav,angry,21
..\data\Actor_21\03-01-05-02-01-01-21.wav,angry,21
..\data\Actor_21\03-01-05-02-01-02-21.wav,angry,21
..\data\Actor_21\03-01-05-02-02-01-21.wav,angry,21
..\data\Actor_21\03-01-05-02-02-02-21.wav,angry,21
..\data\Actor_21\03-01-06-01-01-01-21.wav,fearful,21
..\data\Actor_21\03-01-06-01-01-02-21.wav,fearful,21
..\data\Actor_21\03-01-06-01-02-01-21.wav,fearful,21
..\data\Actor_21\03-01-06-01-02-02-21.wav,fearful,21
..\data\Actor_21\03-01-06-02-01-01-21.wav,fearful,21
..\data\Actor_21\03-01-06-02-01-02-21.wav,fearful,21
..\data\Actor_21\03-01-06-02-02-01-21.wav,fearful,21
..\data\Actor_21\03-01-06-02-02-02-21.wav,fearful,21
..\data\Actor_21\03-01-07-01-01-01-21.wav,disgust,21
..\data\Actor_21\03-01-07-01-01-02-21.wav,disgust,21
..\data\Actor_21\03-01-07-01-02-01-21.wav,disgust,21
..\data\Actor_21\03-01-07-01-02-02-21.wav,disgust,21
..\data\Actor_21\03-01-07-02-01-01-21.wav,disgust,21
..\data\Actor_21\03-01-07-02-01-02-21.wav,disgust,21
..\data\Actor_21\03-01-07-02-02-01-21.wav,disgust,21
..\data\Actor_21\03-01-07-02-02-02-21.wav,disgust,21
..\data\Actor_21\03-01-08-01-01-01-21.wav,surprised,21
..\data\Actor_21\03-01-08-01-01-02-21.wav,surprised,21
..\data\Actor_21\03-01-08-01-02-01-21.wav,surprised,21
..\data\Actor_21\03-01-08-01-02-02-21.wav,surprised,21
..\data\Actor_21\03-01-08-02-01-01-21.wav,surprised,21
..\data\Actor_21\03-01-08-02-01-02-21.wav,surprised,21
..\data\Actor_21\03-01-08-02-02-01-21.wav,surprised,21
..\data\Actor_21\03-01-08-02-02-02-21.wav,surprised,21
..\data\Actor_22\03-01-01-01-01-01-22.wav,neutral,22
..\data\Actor_22\03-01-01-01-01-02-22.wav,neutral,22
..\data\Actor_22\03-01-01-01-02-01-22.wav,neutral,22
..\data\Actor_22\03-01-01-01-02-02-22.wav,neutral,22
..\data\Actor_22\03-01-02-01-01-01-22.wav,calm,22
..\data\Actor_22\03-01-02-01-01-02-22.wav,calm,22
..\data\Actor_22\03-01-02-01-02-01-22.wav,calm,22
..\data\Actor_22\03-01-02-01-02-02-22.wav,calm,22
..\data\Actor_22\03-01-02-02-01-01-22.wav,calm,22
..\data\Actor_22\03-01-02-02-01-02-22.wav,calm,22
..\data\Actor_22\03-01-02-02-02-01-22.wav,calm,22
..\data\Actor_22\03-01-02-02-02-02-22.wav,calm,22
..\data\Actor_22\03-01-03-01-01-01-22.wav,happy,22
..\data\Actor_22\03-01-03-01-01-02-22.wav,happy,22
..\data\Actor_22\03-01-03-01-02-01-22.wav,happy,22
..\data\Actor_22\03-01-03-01-02-02-22.wav,happy,22
..\data\Actor_22\03-01-03-02-01-01-22.wav,happy,22
..\data\Actor_22\03-01-03-02-01-02-22.wav,happy,22
..\data\Actor_22\03-01-03-02-02-01-22.wav,happy,22
..\data\Actor_22\03-01-03-02-02-02-22.wav,happy,22
..\data\Actor_22\03-01-04-01-01-01-22.wav,sad,22
..\data\Actor_22\03-01-04-01-01-02-22.wav,sad,22
..\data\Actor_22\03-01-04-01-02-01-22.wav,sad,22
..\data\Actor_22\03-01-04-01-02-02-22.wav,sad,22
..\data\Actor_22\03-01-04-02-01-01-22.wav,sad,22
..\data\Actor_22\03-01-04-02-01-02-22.wav,sad,22
..\data\Actor_22\03-01-04-02-02-01-22.wav,sad,22
..\data\Actor_22\03-01-04-02-02-02-22.wav,sad,22
..\data\Actor_22\03-01-05-01-01-01-22.wav,angry,22
..\data\Actor_22\03-01-05-01-01-02-22.wav,angry,22
..\data\Actor_22\03-01-05-01-02-01-22.wav,angry,22
..\data\Actor_22\03-01-05-01-02-02-22.wav,angry,22
..\data\Actor_22\03-01-05-02-01-01-22.wav,angry,22
..\data\Actor_22\03-01-05-02-01-02-22.wav,angry,22
..\data\Actor_22\03-01-05-02-02-01-22.wav,angry,22
..\data\Actor_22\03-01-05-02-02-02-22.wav,angry,22
..\data\Actor_22\03-01-06-01-01-01-22.wav,fearful,22
..\data\Actor_22\03-01-06-01-01-02-22.wav,fearful,22
..\data\Actor_22\03-01-06-01-02-01-22.wav,fearful,22
..\data\Actor_22\03-01-06-01-02-02-22.wav,fearful,22
..\data\Actor_22\03-01-06-02-01-01-22.wav,fearful,22
..\data\Actor_22\03-01-06-02-01-02-22.wav,fearful,22
..\data\Actor_22\03-01-06-02-02-01-22.wav,fearful,22
..\data\Actor_22\03-01-06-02-02-02-22.wav,fearful,22
..\data\Actor_22\03-01-07-01-01-01-22.wav,disgust,22
..\data\Actor_22\03-01-07-01-01-02-22.wav,disgust,22
..\data\Actor_22\03-01-07-01-02-01-22.wav,disgust,22
..\data\Actor_22\03-01-07-01-02-02-22.wav,disgust,22
..\data\Actor_22\03-01-07-02-01-01-22.wav,disgust,22
..\data\Actor_22\03-01-07-02-01-02-22.wav,disgust,22
..\data\Actor_22\03-01-07-02-02-01-22.wav,disgust,22
..\data\Actor_22\03-01-07-02-02-02-22.wav,disgust,22
..\data\Actor_22\03-01-08-01-01-01-22.wav,surprised,22
..\data\Actor_22\03-01-08-01-01-02-22.wav,surprised,22
..\data\Actor_22\03-01-08-01-02-01-22.wav,surprised,22
..\data\Actor_22\03-01-08-01-02-02-22.wav,surprised,22
..\data\Actor_22\03-01-08-02-01-01-22.wav,surprised,22
..\data\Actor_22\03-01-08-02-01-02-22.wav,surprised,22
..\data\Actor_22\03-01-08-02-02-01-22.wav,surprised,22
..\data\Actor_22\03-01-08-02-02-02-22.wav,surprised,22
..\data\Actor_23\03-01-01-01-01-01-23.wav,neutral,23
..\data\Actor_23\03-01-01-01-01-02-23.wav,neutral,23
..\data\Actor_23\03-01-01-01-02-01-23.wav,neutral,23
..\data\Actor_23\03-01-01-01-02-02-23.wav,neutral,23
..\data\Actor_23\03-01-02-01-01-01-23.wav,calm,23
..\data\Actor_23\03-01-02-01-01-02-23.wav,calm,23
..\data\Actor_23\03-01-02-01-02-01-23.wav,calm,23
..\data\Actor_23\03-01-02-01-02-02-23.wav,calm,23
..\data\Actor_23\03-01-02-02-01-01-23.wav,calm,23
..\data\Actor_23\03-01-02-02-01-02-23.wav,calm,23
..\data\Actor_23\03-01-02-02-02-01-23.wav,calm,23
..\data\Actor_23\03-01-02-02-02-02-23.wav,calm,23
..\data\Actor_23\03-01-03-01-01-01-23.wav,happy,23
..\data\Actor_23\03-01-03-01-01-02-23.wav,happy,23
..\data\Actor_23\03-01-03-01-02-01-23.wav,happy,23
..\data\Actor_23\03-01-03-01-02-02-23.wav,happy,23
..\data\Actor_23\03-01-03-02-01-01-23.wav,happy,23
..\data\Actor_23\03-01-03-02-01-02-23.wav,happy,23
..\data\Actor_23\03-01-03-02-02-01-23.wav,happy,23
..\data\Actor_23\03-01-03-02-02-02-23.wav,happy,23
..\data\Actor_23\03-01-04-01-01-01-23.wav,sad,23
..\data\Actor_23\03-01-04-01-01-02-23.wav,sad,23
..\data\Actor_23\03-01-04-01-02-01-23.wav,sad,23
..\data\Actor_23\03-01-04-01-02-02-23.wav,sad,23
..\data\Actor_23\03-01-04-02-01-01-23.wav,sad,23
..\data\Actor_23\03-01-04-02-01-02-23.wav,sad,23
..\data\Actor_23\03-01-04-02-02-01-23.wav,sad,23
..\data\Actor_23\03-01-04-02-02-02-23.wav,sad,23
..\data\Actor_23\03-01-05-01-01-01-23.wav,angry,23
..\data\Actor_23\03-01-05-01-01-02-23.wav,angry,23
..\data\Actor_23\03-01-05-01-02-01-23.wav,angry,23
..\data\Actor_23\03-01-05-01-02-02-23.wav,angry,23
..\data\Actor_23\03-01-05-02-01-01-23.wav,angry,23
..\data\Actor_23\03-01-05-02-01-02-23.wav,angry,23
..\data\Actor_23\03-01-05-02-02-01-23.wav,angry,23
..\data\Actor_23\03-01-05-02-02-02-23.wav,angry,23
..\data\Actor_23\03-01-06-01-01-01-23.wav,fearful,23
..\data\Actor_23\03-01-06-01-01-02-23.wav,fearful,23
..\data\Actor_23\03-01-06-01-02-01-23.wav,fearful,23
..\data\Actor_23\03-01-06-01-02-02-23.wav,fearful,23
..\data\Actor_23\03-01-06-02-01-01-23.wav,fearful,23
..\data\Actor_23\03-01-06-02-01-02-23.wav,fearful,23
..\data\Actor_23\03-01-06-02-02-01-23.wav,fearful,23
..\data\Actor_23\03-01-06-02-02-02-23.wav,fearful,23
..\data\Actor_23\03-01-07-01-01-01-23.wav,disgust,23
..\data\Actor_23\03-01-07-01-01-02-23.wav,disgust,23
..\data\Actor_23\03-01-07-01-02-01-23.wav,disgust,23
..\data\Actor_23\03-01-07-01-02-02-23.wav,disgust,23
..\data\Actor_23\03-01-07-02-01-01-23.wav,disgust,23
..\data\Actor_23\03-01-07-02-01-02-23.wav,disgust,23
..\data\Actor_23\03-01-07-02-02-01-23.wav,disgust,23
..\data\Actor_23\03-01-07-02-02-02-23.wav,disgust,23
..\data\Actor_23\03-01-08-01-01-01-23.wav,surprised,23
..\data\Actor_23\03-01-08-01-01-02-23.wav,surprised,23
..\data\Actor_23\03-01-08-01-02-01-23.wav,surprised,23
..\data\Actor_23\03-01-08-01-02-02-23.wav,surprised,23
..\data\Actor_23\03-01-08-02-01-01-23.wav,surprised,23
..\data\Actor_23\03-01-08-02-01-02-23.wav,surprised,23
..\data\Actor_23\03-01-08-02-02-01-23.wav,surprised,23
..\data\Actor_23\03-01-08-02-02-02-23.wav,surprised,23
..\data\Actor_24\03-01-01-01-01-01-24.wav,neutral,24
..\data\Actor_24\03-01-01-01-01-02-24.wav,neutral,24
..\data\Actor_24\03-01-01-01-02-01-24.wav,neutral,24
..\data\Actor_24\03-01-01-01-02-02-24.wav,neutral,24
..\data\Actor_24\03-01-02-01-01-01-24.wav,calm,24
..\data\Actor_24\03-01-02-01-01-02-24.wav,calm,24
..\data\Actor_24\03-01-02-01-02-01-24.wav,calm,24
..\data\Actor_24\03-01-02-01-02-02-24.wav,calm,24
..\data\Actor_24\03-01-02-02-01-01-24.wav,calm,24
..\data\Actor_24\03-01-02-02-01-02-24.wav,calm,24
..\data\Actor_24\03-01-02-02-02-01-24.wav,calm,24
..\data\Actor_24\03-01-02-02-02-02-24.wav,calm,24
..\data\Actor_24\03-01-03-01-01-01-24.wav,happy,24
..\data\Actor_24\03-01-03-01-01-02-24.wav,happy,24
..\data\Actor_24\03-01-03-01-02-01-24.wav,happy,24
..\data\Actor_24\03-01-03-01-02-02-24.wav,happy,24
..\data\Actor_24\03-01-03-02-01-01-24.wav,happy,24
..\data\Actor_24\03-01-03-02-01-02-24.wav,happy,24
..\data\Actor_24\03-01-03-02-02-01-24.wav,happy,24
..\data\Actor_24\03-01-03-02-02-02-24.wav,happy,24
..\data\Actor_24\03-01-04-01-01-01-24.wav,sad,24
..\data\Actor_24\03-01-04-01-01-02-24.wav,sad,24
..\data\Actor_24\03-01-04-01-02-01-24.wav,sad,24
..\data\Actor_24\03-01-04-01-02-02-24.wav,sad,24
..\data\Actor_24\03-01-04-02-01-01-24.wav,sad,24
..\data\Actor_24\03-01-04-02-01-02-24.wav,sad,24
..\data\Actor_24\03-01-04-02-02-01-24.wav,sad,24
..\data\Actor_24\03-01-04-02-02-02-24.wav,sad,24
..\data\Actor_24\03-01-05-01-01-01-24.wav,angry,24
..\data\Actor_24\03-01-05-01-01-02-24.wav,angry,24
..\data\Actor_24\03-01-05-01-02-01-24.wav,angry,24
..\data\Actor_24\03-01-05-01-02-02-24.wav,angry,24
..\data\Actor_24\03-01-05-02-01-01-24.wav,angry,24
..\data\Actor_24\03-01-05-02-01-02-24.wav,angry,24
..\data\Actor_24\03-01-05-02-02-01-24.wav,angry,24
..\data\Actor_24\03-01-05-02-02-02-24.wav,angry,24
..\data\Actor_24\03-01-06-01-01-01-24.wav,fearful,24
..\data\Actor_24\03-01-06-01-01-02-24.wav,fearful,24
..\data\Actor_24\03-01-06-01-02-01-24.wav,fearful,24
..\data\Actor_24\03-01-06-01-02-02-24.wav,fearful,24
..\data\Actor_24\03-01-06-02-01-01-24.wav,fearful,24
..\data\Actor_24\03-01-06-02-01-02-24.wav,fearful,24
..\data\Actor_24\03-01-06-02-02-01-24.wav,fearful,24
..\data\Actor_24\03-01-06-02-02-02-24.wav,fearful,24
..\data\Actor_24\03-01-07-01-01-01-24.wav,disgust,24
..\data\Actor_24\03-01-07-01-01-02-24.wav,disgust,24
..\data\Actor_24\03-01-07-01-02-01-24.wav,disgust,24
..\data\Actor_24\03-01-07-01-02-02-24.wav,disgust,24
..\data\Actor_24\03-01-07-02-01-01-24.wav,disgust,24
..\data\Actor_24\03-01-07-02-01-02-24.wav,disgust,24
..\data\Actor_24\03-01-07-02-02-01-24.wav,disgust,24
..\data\Actor_24\03-01-07-02-02-02-24.wav,disgust,24
..\data\Actor_24\03-01-08-01-01-01-24.wav,surprised,24
..\data\Actor_24\03-01-08-01-01-02-24.wav,surprised,24
..\data\Actor_24\03-01-08-01-02-01-24.wav,surprised,24
..\data\Actor_24\03-01-08-01-02-02-24.wav,surprised,24
..\data\Actor_24\03-01-08-02-01-01-24.wav,surprised,24
..\data\Actor_24\03-01-08-02-01-02-24.wav,surprised,24
..\data\Actor_24\03-01-08-02-02-01-24.wav,surprised,24
..\data\Actor_24\03-01-08-02-02-02-24.wav,surprised,24
